Pinyin	IPA	Gender	Nt	F1	F2	F3	t
a1	 ˈɑ	F	1	813;	1402;	2917;	0.486;
ai1	 ˈa‍i	F	2	1083;303;	1604;1914;	2644;2970;	0.744;0.894;
ai2	 ˈa‍i	F	2	963;394;	1587;1993;	2763;3014;	0.569;0.824;
ai3	 ˈa‍i	F	2	402;370;	2163;1986;	3011;3030;	0.779;0.769;
ai4	 ˈa‍i	F	2	869;416;	1570;2151;	2684;2833;	0.516;0.661;
an1	 ˈan	F	1	846;	1468;	2422;	0.433;
an4	 ˈan	F	1	848;	1618;	2800;	0.239;
ang1	 ˈɑŋ	F	1	808;	1400;	2871;	0.451;
ang2	 ˈɑŋ	F	1	902;	1273;	2591;	0.364;
ang4	 ˈɑŋ	F	1	783;	1448;	2323;	0.371;
ao1	 ˈɑ‍u	F	2	843;635;	1130;905;	3110;3133;	0.411;0.461;
ao2	 ˈɑ‍u	F	2	829;417;	1149;788;	2884;2550;	0.331;0.456;
ba1	 pˈɑ	F	1	740;	1308;	2610;	0.419;
ba2	 pˈɑ	F	1	821;	1385;	2448;	0.518;
ba4	 pˈɑ	F	1	921;	1471;	2597;	0.304;
bai2	 pˈa‍i	F	2	935;337;	1432;1864;	2610;2861;	0.307;0.572;
bai3	 pˈa‍i	F	2	921;317;	1500;2045;	2741;2977;	0.481;0.944;
bai4	 pˈa‍i	F	2	981;981;	1529;1529;	2742;2742;	0.600;0.600;
ban1	 pˈan	F	1	928;	1455;	2670;	0.607;
ban3	 pˈan	F	1	430;	1773;	2900;	0.859;
ban4	 pˈan	F	1	887;	1405;	2580;	0.281;
bang1	 pˈaŋ	F	1	849;	1419;	2708;	0.415;
bang4	 pˈaŋ	F	1	838;	1469;	2778;	0.522;
bao1	 pˈɑ‍u	F	2	829;537;	1163;860;	2936;2940;	0.685;0.770;
bao2	 pˈɑ‍u	F	2	839;583;	1171;829;	2855;3199;	0.413;0.488;
bao3	 pˈɑ‍u	F	2	943;416;	1439;944;	2950;2826;	0.546;0.897;
bao4	 pˈɑ‍u	F	2	837;547;	1162;1155;	2851;2815;	0.761;0.846;
bei1	 pˈe‍i	F	2	390;325;	1996;1875;	3027;3159;	0.576;0.656;
bei3	 pˈe‍i	F	2	460;320;	2025;1783;	2970;2933;	0.397;0.523;
bei4	 pˈe‍i	F	2	370;354;	1864;1823;	3001;2982;	0.589;0.594;
ben1	 pˈən	F	1	535;	1676;	2453;	0.677;
ben3	 pˈən	F	1	487;	1805;	3111;	0.426;
ben4	 pˈən	F	1	505;	1665;	2534;	0.324;
beng1	 pˈəŋ	F	1	534;	1529;	2862;	0.689;
beng4	 pˈəŋ	F	1	519;	1551;	3119;	0.518;
bi1	 pˈi	F	1	319;	1844;	3141;	0.521;
bi2	 pˈi	F	1	307;	2250;	2861;	0.476;
bi3	 pˈi	F	1	300;	1880;	3072;	0.528;
bi4	 pˈi	F	1	307;	2036;	3131;	0.384;
bian1	 pˈi‍ɛn	F	2	352;674;	1542;1919;	2550;2647;	0.428;0.308;
bian3	 pˈi‍ɛn	F	2	360;605;	1807;2380;	2592;2857;	0.689;0.427;
bian4	 pˈi‍ɛn	F	2	393;656;	1580;2045;	2692;2832;	0.608;0.523;
biao1	 pjˈɑ‍u	F	2	823;433;	1174;1236;	2821;2709;	0.568;0.658;
biao3	 pjˈɑ‍u	F	2	732;491;	1057;794;	3301;3037;	0.389;0.499;
biao4	 pjˈɑ‍u	F	2	912;912;	1275;1275;	2890;2890;	0.326;0.326;
bie1	 pˈi‍ɛ	F	2	409;635;	2237;1733;	3146;2509;	0.157;0.342;
bie2	 pˈi‍ɛ	F	2	400;705;	2149;1686;	3000;2727;	0.649;0.859;
bie4	 pˈi‍ɛ	F	2	393;606;	2598;2038;	3227;2607;	0.609;0.819;
bin1	 pˈin	F	1	362;	1516;	2626;	0.515;
bin4	 pˈin	F	1	327;	1532;	2677;	0.765;
bing1	 pˈiŋ	F	1	437;	2437;	3047;	0.091;
bing3	 pˈiŋ	F	1	421;	2306;	3090;	0.264;
bing4	 pˈiŋ	F	1	403;	2558;	3126;	0.376;
bo1	 pˈo	F	1	532;	854;	3200;	0.417;
bo2	 pˈo	F	1	535;	864;	3180;	0.516;
bo3	 pˈo	F	1	493;	825;	3014;	0.316;
bo4	 pˈo	F	1	527;	880;	3130;	0.492;
bu3	 pˈu	F	1	379;	785;	2849;	0.923;
bu4	 pˈu	F	1	404;	865;	2916;	0.574;
ca1	 t‍s‍hˈɑ	F	1	833;	1395;	2366;	0.778;
cai1	 t‍s‍hˈa‍i	F	2	855;458;	1387;1457;	2673;2809;	0.495;0.610;
cai2	 t‍s‍hˈa‍i	F	2	912;329;	1501;1866;	2660;2982;	0.529;0.798;
cai3	 t‍s‍hˈa‍i	F	2	366;347;	2292;2156;	3084;2988;	1.382;1.387;
cai4	 t‍s‍hˈa‍i	F	2	873;495;	1457;2006;	2579;2716;	0.364;0.534;
can1	 t‍s‍hˈan	F	1	823;	1528;	2457;	1.145;
can2	 t‍s‍hˈan	F	1	869;	1496;	2777;	0.567;
can3	 t‍s‍hˈan	F	1	813;	1586;	2639;	0.881;
can4	 t‍s‍hˈan	F	1	842;	1500;	2672;	0.530;
cang1	 t‍s‍hˈaŋ	F	1	646;	1520;	2988;	0.647;
cang2	 t‍s‍hˈaŋ	F	1	968;	1760;	3151;	0.603;
cao1	 t‍s‍hˈɑ‍u	F	2	816;535;	1217;764;	2542;2783;	0.364;0.479;
cao2	 t‍s‍hˈɑ‍u	F	2	838;475;	1200;779;	2930;2744;	0.256;0.413;
cao3	 t‍s‍hˈɑ‍u	F	2	939;404;	1427;822;	2879;2895;	0.520;0.829;
ce4	 t‍s‍hˈo-	F	1	630;	1294;	2861;	0.726;
cen1	 t‍s‍hˈən	F	1	521;	1710;	2447;	0.532;
cha1	 t‍s.‍hˈɑ	F	1	806;	1306;	2828;	0.512;
cha2	 t‍s.‍hˈɑ	F	1	845;	1205;	2613;	0.274;
cha4	 t‍s.‍hˈɑ	F	1	854;	1216;	2604;	0.842;
chai1	 t‍s.‍hˈa‍i	F	2	785;355;	1420;1770;	2131;2801;	0.597;0.742;
chai2	 t‍s.‍hˈa‍i	F	2	1001;316;	1666;1767;	2512;2754;	0.719;0.864;
chan1	 t‍s.‍hˈan	F	1	799;	1400;	2178;	0.402;
chan2	 t‍s.‍hˈan	F	1	847;	1428;	2859;	0.574;
chan3	 t‍s.‍hˈan	F	1	494;	1786;	2874;	0.856;
chan4	 t‍s.‍hˈan	F	1	878;	1510;	2745;	0.418;
chang1	 t‍s.‍hˈɑŋ	F	1	796;	1340;	2675;	0.443;
chang2	 t‍s.‍hˈɑŋ	F	1	850;	1364;	2942;	0.287;
chang3	 t‍s.‍hˈɑŋ	F	1	891;	1372;	2712;	0.455;
chang4	 t‍s.‍hˈaŋ	F	1	854;	1404;	2820;	0.406;
chao1	 t‍s.‍hˈɑ‍u	F	2	749;395;	1260;786;	2945;2716;	0.687;0.877;
chao2	 t‍s.‍hˈɑ‍u	F	2	816;440;	1193;720;	2946;2703;	0.476;0.666;
chao3	 t‍s.‍hˈɑ‍u	F	2	811;449;	1197;803;	2701;3132;	0.438;0.708;
che1	 t‍s.‍hˈo-	F	1	606;	1020;	2941;	0.648;
che3	 t‍s.‍hˈo-	F	1	645;	1394;	2774;	0.856;
che4	 t‍s.‍hˈo-	F	1	644;	1407;	3042;	0.826;
chen1	 t‍s.‍hˈən	F	1	482;	1683;	2726;	0.698;
chen2	 t‍s.‍hˈən	F	1	500;	1758;	3034;	0.663;
chen4	 t‍s.‍hˈən	F	1	523;	1703;	2518;	0.652;
cheng1	 t‍s.‍hˈəŋ	F	1	557;	1504;	3119;	0.521;
cheng2	 t‍s.‍hˈəŋ	F	1	449;	1395;	2787;	0.435;
cheng4	 t‍s.‍hˈəŋ	F	1	569;	1666;	2907;	0.871;
chi1	 t‍s.‍hˈi.	F	1	450;	1953;	3112;	0.362;
chi2	 t‍s.‍hˈi.	F	1	417;	1880;	3017;	0.523;
chi3	 t‍s.‍hˈi.	F	1	431;	1952;	3140;	0.545;
chi4	 t‍s.‍hˈi.	F	1	433;	1861;	2997;	0.661;
chong1	 t‍s.‍hˈo‍n‍ɡ	F	1	649;	949;	3063;	0.471;
chong2	 t‍s.‍hˈo‍n‍ɡ	F	1	574;	1011;	2673;	0.937;
chong3	 t‍s.‍hˈo‍n‍ɡ	F	1	641;	1053;	3030;	0.686;
chong4	 t‍s.‍hˈo‍n‍ɡ	F	1	612;	954;	2708;	0.916;
chou1	 t‍s.‍hˈo‍u	F	2	607;497;	878;699;	3192;3081;	1.183;1.198;
chou2	 t‍s.‍hˈo‍u	F	2	522;394;	921;745;	3041;2954;	0.779;0.859;
chou3	 t‍s.‍hˈo‍u	F	2	536;475;	916;936;	2944;2910;	0.678;0.927;
chou4	 t‍s.‍hˈo‍u	F	2	536;445;	861;761;	3150;3129;	0.718;0.773;
chu1	 t‍s.‍hˈu	F	1	379;	734;	3079;	0.684;
chu2	 t‍s.‍hˈu	F	1	415;	806;	3034;	0.427;
chu3	 t‍s.‍hˈu	F	1	412;	782;	3070;	0.826;
chu4	 t‍s.‍hˈu	F	1	378;	755;	2891;	0.554;
chuai1	 t‍s.‍hˈu‍a‍i	F	3	576;842;467;	1304;1430;1498;	2644;2836;2847;	0.614;0.729;0.874;
chuai3	 t‍s.‍hˈu‍a‍i	F	3	596;919;371;	1318;1299;2452;	2758;2877;3028;	0.346;0.491;0.815;
chuai4	 t‍s.‍hˈu‍a‍i	F	3	544;886;544;	1335;1363;1335;	2728;2616;2728;	0.570;0.675;0.570;
chuan1	 t‍s.‍hˈu‍an	F	2	587;825;	1177;1382;	2806;2822;	0.651;0.746;
chuan2	 t‍s.‍hˈu‍an	F	2	372;816;	1098;1401;	2548;2936;	0.580;0.435;
chuan3	 t‍s.‍hˈu‍an	F	2	644;866;	1239;1330;	2705;3002;	0.567;0.642;
chuan4	 t‍s.‍hˈu‍an	F	2	694;860;	1283;1438;	2608;2623;	0.395;0.470;
chuang1	 t‍s.‍hwˈɑŋ	F	1	626;	1075;	2663;	0.330;
chuang2	 t‍s.‍hwˈɑŋ	F	1	773;	1149;	3176;	0.534;
chuang3	 t‍s.‍hwˈɑŋ	F	1	457;	1585;	2884;	0.854;
chuang4	 t‍s.‍hwˈɑŋ	F	1	819;	1158;	2945;	0.260;
chui1	 t‍s.‍hˈu‍e‍i	F	3	450;408;325;	1643;1824;1925;	2895;2875;2907;	0.489;0.499;0.564;
chui2	 t‍s.‍hˈu‍e‍i	F	3	406;385;320;	1421;1974;2211;	2759;3074;2896;	0.370;0.760;0.670;
chun1	 t‍s.‍hˈu‍ən	F	2	552;551;	1510;1597;	2584;2603;	0.207;0.202;
chun2	 t‍s.‍hˈu‍ən	F	2	446;510;	1371;1705;	2916;3092;	0.448;0.513;
chun3	 t‍s.‍hˈu‍ən	F	2	542;486;	1365;1505;	2917;2794;	0.647;0.597;
chuo1	 t‍s.‍hˈu‍o	F	2	431;544;	779;977;	2938;2417;	0.433;0.638;
chuo4	 t‍s.‍hˈu‍o	F	2	489;581;	786;890;	3022;3180;	0.535;0.600;
ci2	 t‍s‍hˈi̪	F	1	424;	1883;	3057;	0.675;
ci3	 t‍s‍hˈi̪	F	1	425;	1872;	3358;	0.701;
ci4	 t‍s‍hˈi̪	F	1	406;	1926;	2991;	0.276;
cong1	 t‍s‍hˈo‍n‍ɡ	F	1	469;	1099;	2735;	0.624;
cong2	 t‍s‍hˈo‍n‍ɡ	F	1	557;	929;	3146;	0.657;
cou4	 t‍s‍hˈo‍u	F	2	535;474;	904;859;	3062;2761;	0.594;0.654;
cu1	 t‍s‍hˈu	F	1	390;	770;	2756;	0.484;
cu4	 t‍s‍hˈu	F	1	413;	846;	2773;	0.430;
cuan2	 t‍s‍hˈu‍an	F	2	347;891;	1265;1507;	2572;2410;	0.771;0.686;
cuan4	 t‍s‍hˈu‍an	F	2	610;924;	1064;1322;	3128;3051;	0.324;0.389;
cui1	 t‍s‍hˈu‍e‍i	F	3	485;417;408;	1057;1787;1704;	3053;2852;2918;	0.773;0.818;0.828;
cui4	 t‍s‍hˈu‍e‍i	F	3	614;508;508;	1477;2354;2354;	3020;2858;2858;	0.417;0.602;0.602;
cun1	 t‍s‍hˈu‍ən	F	2	413;502;	1550;1574;	2966;3276;	0.379;0.434;
cun2	 t‍s‍hˈu‍ən	F	2	333;493;	1441;1669;	2641;2695;	0.755;0.640;
cun3	 t‍s‍hˈu‍ən	F	2	522;519;	1298;1340;	2882;2937;	0.234;0.219;
cun4	 t‍s‍hˈu‍ən	F	2	431;490;	1510;1582;	2598;2547;	0.464;0.454;
cuo1	 t‍s‍hˈu‍o	F	2	470;549;	1013;976;	2929;3037;	0.472;0.487;
cuo2	 t‍s‍hˈu‍o	F	2	448;527;	877;865;	3086;3034;	0.571;0.621;
cuo4	 t‍s‍hˈu‍o	F	2	452;530;	831;878;	3037;3052;	0.498;0.513;
da1	 tˈɑ	F	1	930;	1383;	2198;	0.677;
da2	 tˈɑ	F	1	858;	1433;	2060;	0.552;
da3	 tˈɑ	F	1	896;	1481;	2830;	0.719;
da4	 tˈɑ	F	1	847;	1509;	2484;	0.623;
dai1	 tˈa‍i	F	2	896;485;	1628;1777;	2555;2799;	0.633;0.718;
dai3	 tˈa‍i	F	2	1017;363;	1531;1822;	2657;2922;	0.485;0.760;
dai4	 tˈa‍i	F	2	851;829;	1627;1911;	2539;2578;	0.377;0.527;
dan1	 tˈan	F	1	837;	1422;	2601;	0.512;
dan3	 tˈan	F	1	928;	1679;	2813;	0.446;
dan4	 tˈan	F	1	847;	1624;	2465;	0.506;
dang1	 tˈaŋ	F	1	864;	1619;	2644;	0.450;
dang3	 tˈaŋ	F	1	888;	1685;	2804;	0.133;
dang4	 tˈaŋ	F	1	852;	1520;	2473;	0.423;
dao1	 tˈɑ‍u	F	2	821;567;	1190;898;	2738;2628;	0.402;0.477;
dao3	 tˈɑ‍u	F	2	798;473;	1198;937;	2774;2863;	0.544;0.634;
dao4	 tˈɑ‍u	F	2	831;535;	1134;925;	2772;2650;	0.318;0.383;
de	 tˈə	F	1	652;	1731;	2983;	0.476;
de0	 tˈə	F	1	652;	1731;	2983;	0.476;
de2	 tˈə	F	1	539;	1357;	2566;	0.666;
deng1	 tˈəŋ	F	1	497;	1697;	2434;	0.609;
deng3	 tˈəŋ	F	1	508;	1582;	2774;	0.385;
deng4	 tˈəŋ	F	1	547;	1702;	3257;	0.465;
di1	 tˈi	F	1	311;	1829;	3035;	0.959;
di2	 tˈi	F	1	332;	1875;	3154;	0.725;
di3	 tˈi	F	1	321;	2122;	3378;	0.219;
di4	 tˈi	F	1	283;	1826;	3056;	0.565;
dian1	 tˈi‍ɛn	F	2	319;615;	1778;2008;	2650;2456;	0.632;0.522;
dian3	 tˈi‍ɛn	F	2	403;452;	1891;1892;	2856;2720;	1.193;1.248;
dian4	 tˈi‍ɛn	F	2	389;613;	1803;1974;	2650;2548;	0.420;0.400;
diao1	 tjˈɑ‍u	F	2	795;492;	1186;791;	2917;2699;	0.629;0.699;
diao3	 tjˈɑ‍u	F	2	827;459;	1214;882;	2982;3063;	0.495;0.600;
diao4	 tjˈɑ‍u	F	2	824;754;	1198;1145;	2553;2571;	0.958;0.968;
die1	 tˈi‍ɛ	F	2	432;668;	2235;1749;	2739;2941;	0.629;0.849;
die2	 tˈi‍ɛ	F	2	395;671;	1975;1734;	2921;2738;	0.939;1.189;
ding1	 tˈiŋ	F	1	442;	1713;	3007;	0.602;
ding3	 tˈiŋ	F	1	380;	2478;	3026;	0.734;
ding4	 tˈiŋ	F	1	443;	1671;	3090;	0.752;
diu1	 tˈi‍o‍u	F	3	475;529;460;	2287;906;1035;	3047;2723;2706;	0.464;0.664;0.694;
dong1	 tˈo‍n‍ɡ	F	1	675;	933;	2736;	0.731;
dong3	 tˈo‍n‍ɡ	F	1	603;	996;	3159;	0.704;
dong4	 tˈo‍n‍ɡ	F	1	544;	974;	2934;	0.458;
dou1	 tˈo‍u	F	2	564;555;	858;820;	3102;2947;	0.472;0.482;
dou3	 tˈo‍u	F	2	581;416;	945;1117;	2954;2870;	0.382;0.621;
dou4	 tˈo‍u	F	2	534;489;	886;827;	3293;3256;	0.840;0.905;
du1	 tˈu	F	1	387;	909;	2622;	0.667;
du2	 tˈu	F	1	427;	786;	2589;	0.536;
du3	 tˈu	F	1	393;	938;	2814;	0.945;
du4	 tˈu	F	1	463;	848;	3119;	0.746;
duan1	 tˈu‍an	F	2	595;864;	1123;1444;	3006;3141;	0.604;0.664;
duan3	 tˈu‍an	F	2	470;874;	1138;1354;	2864;2828;	0.736;0.846;
duan4	 tˈu‍an	F	2	623;840;	1025;1474;	3014;3201;	0.097;0.187;
dui1	 tˈu‍e‍i	F	3	490;440;299;	1173;2131;2049;	2831;3018;3098;	0.311;0.456;0.536;
dui4	 tˈu‍e‍i	F	3	543;535;535;	1245;1351;1351;	2719;2776;2776;	0.469;0.449;0.449;
dun1	 tˈu‍ən	F	2	524;529;	1237;1758;	3040;3189;	0.410;0.500;
dun3	 tˈu‍ən	F	2	484;494;	1085;1720;	3096;2843;	0.560;1.140;
dun4	 tˈu‍ən	F	2	444;504;	1467;1637;	2830;3216;	0.530;0.505;
duo1	 tˈu‍o	F	2	481;528;	890;859;	2855;3119;	0.480;0.510;
duo2	 tˈu‍o	F	2	412;532;	897;852;	2920;3165;	0.290;0.410;
duo3	 tˈu‍o	F	2	438;491;	1021;1009;	3177;2993;	0.441;0.391;
duo4	 tˈu‍o	F	2	485;524;	903;910;	3209;3162;	0.676;0.701;
e1	 ˈo-	F	1	624;	1420;	2968;	0.451;
e2	 ˈo-	F	1	567;	1344;	2994;	0.456;
e4	 ˈo-	F	1	643;	1310;	2894;	0.498;
en1	 ˈən	F	1	499;	1771;	2637;	0.416;
en4	 ˈən	F	1	504;	1750;	2890;	0.510;
er2	 ˈə‍r	F	1	524;	1595;	2337;	0.623;
er3	 ˈə‍r	F	1	597;	1665;	2180;	0.778;
er4	 ˈə‍r	F	1	542;	1753;	2317;	0.662;
fa1	 fˈɑ	F	1	797;	1297;	2728;	0.676;
fa2	 fˈɑ	F	1	776;	1399;	2670;	0.515;
fa3	 fˈɑ	F	1	896;	1446;	2650;	0.754;
fa4	 fˈɑ	F	1	795;	1321;	2485;	0.769;
fan1	 fˈan	F	1	849;	1448;	2715;	0.218;
fan2	 fˈan	F	1	867;	1425;	2802;	0.504;
fan3	 fˈan	F	1	842;	1516;	2692;	0.614;
fan4	 fˈan	F	1	862;	1471;	2529;	0.410;
fang1	 fˈaŋ	F	1	856;	1365;	2492;	0.466;
fang2	 fˈaŋ	F	1	857;	1398;	2719;	0.343;
fang3	 fˈaŋ	F	1	1014;	1440;	2691;	0.440;
fang4	 fˈaŋ	F	1	860;	1425;	2997;	0.743;
fei1	 fˈe‍i	F	2	441;349;	1776;1713;	2980;2989;	0.399;0.439;
fei2	 fˈe‍i	F	2	423;323;	2017;1706;	2953;3163;	0.711;0.841;
fei3	 fˈe‍i	F	2	393;323;	2146;1945;	2843;3050;	0.520;0.605;
fei4	 fˈe‍i	F	2	403;335;	1891;1903;	2957;2861;	0.515;0.560;
fen1	 fˈən	F	1	470;	1615;	2629;	0.747;
fen2	 fˈən	F	1	501;	1711;	3197;	0.593;
fen3	 fˈən	F	1	497;	1698;	3209;	0.387;
fen4	 fˈən	F	1	512;	1654;	2494;	0.256;
feng1	 fˈəŋ	F	1	544;	1120;	2954;	0.378;
feng2	 fˈəŋ	F	1	502;	1706;	2834;	0.808;
feng3	 fˈəŋ	F	1	488;	1716;	3215;	0.910;
feng4	 fˈəŋ	F	1	612;	1224;	2872;	0.504;
fo2	 fˈo	F	1	595;	1065;	3113;	0.807;
fou2	 fˈo‍u	F	2	528;409;	878;940;	3092;2560;	0.870;0.945;
fou3	 fˈo‍u	F	2	467;467;	939;939;	2762;2762;	0.376;0.376;
fu1	 fˈu	F	1	433;	754;	2922;	0.403;
fu2	 fˈu	F	1	417;	807;	2763;	0.900;
fu3	 fˈu	F	1	437;	949;	2737;	0.513;
fu4	 fˈu	F	1	438;	891;	2576;	0.611;
ga1	 kˈɑ	F	1	802;	1406;	2079;	0.351;
ga2	 kˈɑ	F	1	952;	1413;	2292;	0.780;
ga4	 kˈɑ	F	1	892;	1449;	2261;	0.977;
gai1	 kˈa‍i	F	2	860;732;	1606;1727;	2557;2474;	0.255;0.240;
gai3	 kˈa‍i	F	2	880;312;	1626;1871;	2548;2947;	0.178;0.610;
gai4	 kˈa‍i	F	2	900;675;	1544;1885;	2541;2644;	0.602;0.572;
gan1	 kˈan	F	1	902;	1500;	2219;	0.607;
gan3	 kˈan	F	1	904;	1794;	2728;	0.264;
gan4	 kˈan	F	1	947;	1769;	2543;	0.293;
gang1	 kˈaŋ	F	1	888;	1588;	2590;	0.491;
gang3	 kˈaŋ	F	1	982;	1532;	2564;	0.514;
gang4	 kˈaŋ	F	1	845;	1533;	2291;	0.534;
gao1	 kˈɑ‍u	F	2	859;426;	1156;801;	3001;2594;	0.204;0.374;
gao3	 kˈɑ‍u	F	2	829;409;	1212;841;	3007;2545;	0.436;0.670;
gao4	 kˈɑ‍u	F	2	905;905;	1515;1515;	2394;2394;	0.336;0.336;
ge1	 kˈo-	F	1	587;	1315;	2729;	0.426;
ge2	 kˈo-	F	1	572;	1254;	2555;	0.972;
ge3	 kˈo-	F	1	648;	1386;	3101;	0.394;
ge4	 kˈo-	F	1	589;	1359;	3056;	0.424;
gei3	 kˈe‍i	F	2	343;292;	1825;1871;	3079;3044;	0.658;0.598;
gen1	 kˈən	F	1	482;	1578;	2443;	0.464;
gen2	 kˈən	F	1	519;	1563;	2646;	0.628;
gen3	 kˈən	F	1	448;	1806;	2792;	1.083;
gen4	 kˈən	F	1	522;	1692;	2407;	0.457;
geng1	 kˈəŋ	F	1	509;	1673;	2680;	0.843;
geng3	 kˈəŋ	F	1	553;	1697;	2745;	0.684;
geng4	 kˈəŋ	F	1	498;	1630;	3300;	0.317;
gong1	 kˈo‍n‍ɡ	F	1	562;	804;	2840;	0.194;
gong3	 kˈo‍n‍ɡ	F	1	603;	961;	3179;	0.342;
gong4	 kˈo‍n‍ɡ	F	1	618;	867;	2886;	0.509;
gou1	 kˈo‍u	F	2	538;430;	872;818;	2992;2740;	0.514;0.579;
gou3	 kˈo‍u	F	2	553;426;	965;882;	3160;2733;	0.664;0.901;
gou4	 kˈo‍u	F	2	543;540;	902;844;	2903;3029;	0.569;0.559;
gu1	 kˈu	F	1	412;	822;	2755;	0.518;
gu2	 kˈu	F	1	423;	826;	2860;	0.505;
gu3	 kˈu	F	1	386;	768;	2489;	0.735;
gu4	 kˈu	F	1	465;	926;	2958;	0.333;
gua1	 kwˈɑ	F	1	854;	1209;	3110;	0.574;
gua3	 kwˈɑ	F	1	849;	1422;	3071;	1.147;
gua4	 kwˈɑ	F	1	845;	1173;	3058;	0.376;
guai1	 kˈu‍a‍i	F	3	397;918;416;	822;1415;1629;	2585;2610;2857;	0.131;0.271;0.421;
guai3	 kˈu‍a‍i	F	3	479;892;353;	922;1342;1845;	2610;3098;2882;	0.720;0.855;1.220;
guai4	 kˈu‍a‍i	F	3	507;991;502;	939;1397;968;	2992;2477;2876;	0.284;0.399;0.279;
guan1	 kwˈan	F	1	877;	1415;	3098;	0.543;
guan2	 kwˈan	F	1	952;	1316;	2810;	0.279;
guan3	 kwˈan	F	1	957;	1334;	2941;	0.634;
guan4	 kwˈan	F	1	879;	1524;	2720;	0.586;
guang1	 kwˈaŋ	F	1	803;	1173;	2715;	0.566;
guang3	 kwˈaŋ	F	1	875;	1205;	3059;	0.870;
guang4	 kwˈaŋ	F	1	711;	1233;	2883;	0.674;
gui1	 kˈu‍e‍i	F	3	444;476;456;	827;2128;2221;	2591;2898;2855;	0.765;0.975;0.980;
gui3	 kˈu‍e‍i	F	3	410;443;381;	836;2375;2578;	2517;2948;3113;	0.463;0.844;0.879;
gui4	 kˈu‍e‍i	F	3	516;613;470;	842;2007;1214;	2692;2854;2581;	0.457;0.672;0.437;
gun1	 kˈu‍ən	F	2	486;497;	927;1634;	2736;3002;	0.387;0.477;
gun3	 kˈu‍ən	F	2	475;514;	966;1598;	2914;3206;	0.480;0.580;
gun4	 kˈu‍ən	F	2	607;487;	1026;1636;	3025;3145;	0.479;0.564;
guo1	 kˈu‍o	F	2	400;531;	879;896;	2579;3051;	0.429;0.479;
guo2	 kˈu‍o	F	2	390;514;	900;891;	3036;3074;	0.219;0.259;
guo3	 kˈu‍o	F	2	390;532;	949;985;	2613;3029;	0.474;0.579;
guo4	 kˈu‍o	F	2	428;496;	877;975;	2608;2867;	0.286;0.306;
ha1	 xˈɑ	F	1	824;	1321;	2402;	0.268;
ha2	 xˈɑ	F	1	816;	1422;	2747;	0.298;
hai1	 xˈa‍i	F	2	826;344;	1529;1796;	2681;2870;	0.243;0.428;
hai2	 xˈa‍i	F	2	975;349;	1474;1837;	2744;3002;	0.593;0.833;
hai3	 xˈa‍i	F	2	955;383;	1462;2097;	2903;2939;	0.168;0.623;
hai4	 xˈa‍i	F	2	920;409;	1447;1638;	2766;2953;	0.403;0.598;
han1	 xˈan	F	1	865;	1522;	2406;	0.240;
han2	 xˈan	F	1	887;	1573;	2796;	0.209;
han3	 xˈan	F	1	454;	1940;	2961;	1.141;
han4	 xˈan	F	1	893;	1526;	2892;	0.150;
hang1	 xˈaŋ	F	1	863;	1403;	2933;	0.294;
hang2	 xˈaŋ	F	1	870;	1405;	2747;	0.838;
hang3	 xˈaŋ	F	1	881;	1409;	2609;	0.553;
hang4	 xˈaŋ	F	1	859;	1430;	2455;	0.459;
hao1	 xˈɑ‍u	F	2	828;553;	1192;837;	2964;2933;	0.945;1.020;
hao2	 xˈɑ‍u	F	2	830;513;	1202;746;	2942;2717;	0.512;0.627;
hao3	 xˈɑ‍u	F	2	902;412;	1241;1020;	2938;2738;	0.437;0.636;
hao4	 xˈɑ‍u	F	2	818;673;	1243;966;	2808;2783;	0.320;0.410;
he1	 xˈo-	F	1	639;	1194;	2719;	0.559;
he2	 xˈo-	F	1	610;	1338;	2989;	0.752;
he4	 xˈo-	F	1	616;	1392;	2895;	0.583;
hei1	 xˈe‍i	F	2	414;345;	2051;1862;	2956;3070;	0.269;0.384;
hen2	 xˈən	F	1	504;	1658;	2976;	0.383;
hen3	 xˈən	F	1	505;	1723;	2890;	1.038;
hen4	 xˈən	F	1	494;	1613;	2679;	0.578;
heng1	 xˈəŋ	F	1	529;	1563;	2891;	0.535;
heng2	 xˈəŋ	F	1	525;	1555;	3028;	0.713;
heng4	 xˈəŋ	F	1	491;	1560;	2976;	0.365;
hong1	 xˈo‍n‍ɡ	F	1	566;	905;	3077;	0.421;
hong2	 xˈo‍n‍ɡ	F	1	566;	837;	3103;	0.651;
hong3	 xˈo‍n‍ɡ	F	1	550;	958;	2928;	0.452;
hong4	 xˈo‍n‍ɡ	F	1	619;	1034;	2964;	0.563;
hou1	 xˈo‍u	F	2	526;486;	915;725;	3104;3134;	0.823;0.963;
hou2	 xˈo‍u	F	2	550;405;	906;802;	2883;3062;	0.373;0.538;
hou3	 xˈo‍u	F	2	521;410;	829;849;	2817;2614;	0.670;0.971;
hou4	 xˈo‍u	F	2	562;423;	812;765;	3154;2962;	0.381;0.451;
hu1	 xˈu	F	1	379;	724;	2539;	0.828;
hu2	 xˈu	F	1	387;	748;	2546;	0.516;
hu3	 xˈu	F	1	368;	735;	2631;	1.049;
hu4	 xˈu	F	1	385;	758;	2599;	0.796;
hua1	 xwˈɑ	F	1	824;	1186;	2216;	0.593;
hua2	 xwˈɑ	F	1	902;	1192;	2921;	0.692;
hua4	 xwˈɑ	F	1	840;	1157;	3041;	0.517;
huai2	 xˈu‍a‍i	F	3	428;957;322;	878;1611;1824;	2946;2403;3016;	0.622;0.822;0.947;
huai4	 xˈu‍a‍i	F	3	597;983;627;	896;1341;974;	2857;2608;2795;	0.504;0.629;0.519;
huan1	 xˈu‍an	F	2	545;1000;	904;1279;	3114;2742;	0.622;0.717;
huan2	 xˈu‍an	F	2	427;924;	931;1238;	3044;3031;	0.659;0.759;
huan3	 xˈu‍an	F	2	585;912;	870;1340;	3022;2581;	0.578;0.713;
huan4	 xˈu‍an	F	2	557;861;	947;1195;	2990;2894;	0.221;0.286;
huang1	 xwˈɑŋ	F	1	760;	1122;	3088;	0.333;
huang2	 xwˈɑŋ	F	1	860;	1154;	3097;	0.493;
huang3	 xwˈɑŋ	F	1	859;	1127;	3067;	0.354;
huang4	 xwˈɑŋ	F	1	797;	1112;	2706;	0.697;
hui1	 xˈu‍e‍i	F	3	463;418;323;	1004;1947;2089;	2670;2929;2825;	0.177;0.337;0.402;
hui2	 xˈu‍e‍i	F	3	434;412;329;	823;1974;1943;	2849;2960;3044;	0.293;0.608;0.653;
hui3	 xˈu‍e‍i	F	3	474;491;491;	853;1983;1983;	2864;2862;2862;	0.485;0.976;0.976;
hui4	 xˈu‍e‍i	F	3	475;584;502;	867;2157;1235;	2741;2681;2785;	0.297;0.497;0.287;
hun1	 xwˈu‍ən	F	2	392;504;	835;1630;	2817;2954;	0.476;0.596;
hun2	 xwˈu‍ən	F	2	411;493;	781;1697;	3078;2969;	0.530;0.660;
hun3	 xwˈu‍ən	F	2	417;531;	873;1536;	2855;2795;	0.327;0.482;
hun4	 xwˈu‍ən	F	2	402;490;	931;1698;	2742;3010;	0.333;0.443;
huo1	 xˈu‍o	F	2	439;540;	797;839;	2870;3083;	0.156;0.201;
huo2	 xˈu‍o	F	2	401;558;	842;850;	2939;3065;	0.347;0.472;
huo3	 xˈu‍o	F	2	419;567;	828;838;	3053;3033;	0.296;0.376;
huo4	 xˈu‍o	F	2	432;533;	733;837;	3170;3277;	0.189;0.264;
ji1	 t‍ɕˈi	F	1	354;	2172;	3028;	0.275;
ji2	 t‍ɕˈi	F	1	357;	1959;	2885;	0.465;
ji3	 t‍ɕˈi	F	1	294;	1715;	2855;	0.911;
ji4	 t‍ɕˈi	F	1	331;	1847;	3061;	0.527;
jia1	 t‍ɕˈi‍ɑ	F	2	462;795;	2235;1399;	2936;2561;	0.313;0.463;
jia2	 t‍ɕˈi‍ɑ	F	2	460;999;	2119;1631;	2699;2507;	0.153;0.233;
jia3	 t‍ɕˈi‍ɑ	F	2	395;791;	2255;1421;	3213;2643;	0.213;0.706;
jia4	 t‍ɕˈi‍ɑ	F	2	502;917;	2217;1342;	2867;2419;	0.332;0.437;
jian1	 t‍ɕˈi‍ɛn	F	2	335;572;	2310;1944;	3200;2523;	0.243;0.363;
jian3	 t‍ɕˈi‍ɛn	F	2	323;672;	1905;2104;	2736;2880;	0.794;0.573;
jian4	 t‍ɕˈi‍ɛn	F	2	383;611;	1710;2069;	2677;2626;	0.440;0.375;
jiang1	 t‍ɕˈi‍ɑŋ	F	2	298;707;	1538;1611;	2655;2632;	0.575;0.375;
jiang3	 t‍ɕˈi‍ɑŋ	F	2	408;818;	2305;1510;	3306;2817;	0.355;0.510;
jiang4	 t‍ɕˈi‍ɑŋ	F	2	501;787;	2140;1643;	3096;2779;	0.173;0.273;
jiao1	 t‍ɕjˈɑ‍u	F	2	765;456;	1243;996;	3140;2850;	0.337;0.437;
jiao2	 t‍ɕjˈɑ‍u	F	2	816;460;	1213;789;	2918;2474;	0.443;0.518;
jiao3	 t‍ɕjˈɑ‍u	F	2	823;458;	1224;884;	3063;2586;	0.689;0.884;
jiao4	 t‍ɕjˈɑ‍u	F	2	814;813;	1202;1183;	3006;3013;	0.478;0.483;
jie1	 t‍ɕˈi‍ɛ	F	2	352;669;	2296;1754;	3107;2762;	0.725;0.880;
jie2	 t‍ɕˈi‍ɛ	F	2	365;675;	2189;1739;	3270;2593;	0.284;0.539;
jie3	 t‍ɕˈi‍ɛ	F	2	378;680;	2345;1998;	3362;2913;	0.352;0.824;
jie4	 t‍ɕˈi‍ɛ	F	2	350;664;	2301;1943;	3268;2560;	0.257;0.457;
jin1	 t‍ɕˈin	F	1	313;	1680;	2645;	0.458;
jin3	 t‍ɕˈin	F	1	342;	1550;	2709;	0.586;
jin4	 t‍ɕˈin	F	1	345;	1636;	2768;	0.612;
jing1	 t‍ɕˈiŋ	F	1	295;	1633;	2744;	0.565;
jing3	 t‍ɕˈiŋ	F	1	364;	1714;	2978;	0.620;
jing4	 t‍ɕˈiŋ	F	1	380;	1660;	2712;	0.413;
jiong1	 t‍ɕˈyŋ	F	1	380;	2080;	2679;	0.593;
jiong3	 t‍ɕˈyŋ	F	1	414;	1546;	2769;	0.686;
jiu1	 t‍ɕˈi‍o‍u	F	3	389;533;457;	2223;893;882;	2872;3046;2700;	0.283;0.413;0.453;
jiu3	 t‍ɕˈi‍o‍u	F	3	417;474;445;	1969;902;854;	2637;2500;2579;	0.419;0.814;0.789;
jiu4	 t‍ɕˈi‍o‍u	F	3	464;529;516;	2210;885;899;	2757;2951;2904;	0.175;0.365;0.370;
ju1	 t‍ɕˈy	F	1	343;	2038;	2746;	0.431;
ju2	 t‍ɕˈy	F	1	355;	1727;	2788;	1.057;
ju3	 t‍ɕˈy	F	1	360;	2159;	2841;	0.696;
ju4	 t‍ɕˈy	F	1	321;	1720;	2806;	0.738;
juan1	 t‍ɕˈy‍æn	F	2	340;613;	1680;1825;	2720;2966;	0.323;0.253;
juan3	 t‍ɕˈy‍æn	F	2	341;635;	1591;1783;	2686;2910;	0.656;0.251;
juan4	 t‍ɕˈy‍æn	F	2	406;672;	2319;1799;	2866;2855;	0.370;0.455;
jue1	 t‍ɕˈy‍ɛ	F	2	429;683;	2211;1966;	2636;2688;	0.180;0.330;
jue2	 t‍ɕˈy‍ɛ	F	2	433;667;	1983;1724;	2639;2669;	0.457;0.537;
jue4	 t‍ɕˈy‍ɛ	F	2	613;690;	2354;1725;	2820;2673;	0.278;0.508;
jun1	 t‍ɕˈy‍ən	F	2	316;446;	1759;2416;	2628;2978;	0.401;0.321;
jun3	 t‍ɕˈy‍ən	F	2	313;518;	1603;1655;	2682;2741;	0.616;0.651;
jun4	 t‍ɕˈy‍ən	F	2	388;446;	1639;1530;	2708;2747;	0.373;0.408;
ka1	 k‍hˈɑ	F	1	810;	1235;	2654;	0.264;
ka3	 k‍hˈɑ	F	1	824;	1247;	1981;	0.712;
ka4	 k‍hˈɑ	F	1	905;	1473;	2470;	0.163;
kai1	 k‍hˈa‍i	F	2	868;319;	1467;1700;	2594;2882;	0.214;0.416;
kai3	 k‍hˈa‍i	F	2	855;309;	1509;1798;	2532;2987;	0.285;0.560;
kai4	 k‍hˈa‍i	F	2	843;757;	1462;1569;	2731;2903;	0.240;0.230;
kan3	 k‍hˈan	F	1	438;	1477;	2619;	0.564;
kan4	 k‍hˈan	F	1	878;	1605;	2501;	0.372;
kang1	 k‍hˈɑŋ	F	1	806;	1415;	2914;	0.166;
kang2	 k‍hˈɑŋ	F	1	476;	1238;	2789;	0.507;
kang4	 k‍hˈɑŋ	F	1	516;	1721;	3070;	0.152;
kao1	 k‍hˈɑ‍u	F	2	811;447;	1206;880;	2842;2583;	0.601;0.786;
kao3	 k‍hˈɑ‍u	F	2	825;452;	1204;862;	3037;3046;	0.418;0.533;
kao4	 k‍hˈɑ‍u	F	2	834;596;	1152;945;	2845;2902;	0.273;0.353;
ke1	 k‍hˈo-	F	1	517;	1506;	2800;	0.423;
ke2	 k‍hˈo-	F	1	598;	1266;	2824;	0.464;
ke3	 k‍hˈo-	F	1	652;	1364;	3115;	0.582;
ke4	 k‍hˈo-	F	1	615;	1429;	2790;	0.645;
ken3	 k‍hˈən	F	1	504;	1771;	2962;	0.322;
ken4	 k‍hˈən	F	1	477;	1770;	2726;	0.311;
keng3	 k‍hˈəŋ	F	1	494;	1681;	2938;	0.246;
kong1	 k‍hˈo‍n‍ɡ	F	1	536;	953;	2755;	0.288;
kong3	 k‍hˈo‍n‍ɡ	F	1	635;	970;	2959;	0.332;
kong4	 k‍hˈo‍n‍ɡ	F	1	592;	988;	2685;	0.268;
kou1	 k‍hˈo‍u	F	2	529;482;	884;850;	3082;2843;	0.291;0.321;
kou3	 k‍hˈo‍u	F	2	526;471;	941;913;	2843;2979;	0.295;0.355;
kou4	 k‍hˈo‍u	F	2	523;431;	910;798;	3105;2915;	0.428;0.473;
ku1	 k‍hˈu	F	1	393;	943;	2571;	0.448;
ku3	 k‍hˈu	F	1	394;	744;	2987;	0.483;
ku4	 k‍hˈu	F	1	418;	782;	2893;	0.431;
kua1	 k‍hwˈɑ	F	1	819;	1239;	2744;	0.296;
kua3	 k‍hwˈɑ	F	1	849;	1154;	3081;	0.651;
kua4	 k‍hwˈɑ	F	1	813;	1195;	2861;	0.787;
kuai1	 k‍hˈu‍a‍i	F	3	496;907;471;	1099;1455;2215;	3120;2876;2644;	0.625;0.760;0.850;
kuai3	 k‍hˈu‍a‍i	F	3	601;846;316;	1055;1429;2201;	2878;2631;3123;	0.310;0.183;0.756;
kuai4	 k‍hˈu‍a‍i	F	3	695;904;695;	1101;1309;1101;	2825;2758;2825;	0.092;0.157;0.092;
kuan1	 k‍hwˈan	F	1	865;	1437;	2222;	0.288;
kuan3	 k‍hwˈan	F	1	924;	1327;	2957;	0.550;
kuang1	 k‍hwˈaŋ	F	1	839;	1421;	2866;	0.191;
kuang2	 k‍hwˈaŋ	F	1	852;	1327;	2933;	0.495;
kuang3	 k‍hwˈaŋ	F	1	875;	1254;	2726;	0.331;
kuang4	 k‍hwˈaŋ	F	1	831;	1648;	2755;	0.705;
kui1	 k‍hˈu‍e‍i	F	3	485;424;322;	991;1832;1875;	2779;3013;2914;	0.265;0.430;0.480;
kui2	 k‍hˈu‍e‍i	F	3	490;440;319;	1088;2211;2175;	2648;2778;3000;	0.222;0.362;0.482;
kui3	 k‍hˈu‍e‍i	F	3	536;379;302;	974;2105;1874;	2764;3066;3015;	0.302;0.675;0.785;
kui4	 k‍hˈu‍e‍i	F	3	603;501;447;	1436;2074;2255;	2645;2803;2844;	0.252;0.412;0.472;
kun1	 k‍hwˈu‍ən	F	2	393;487;	1188;1580;	2770;2750;	0.247;0.342;
kun3	 k‍hwˈu‍ən	F	2	324;503;	1304;1747;	2723;3010;	0.674;0.464;
kun4	 k‍hwˈu‍ən	F	2	445;507;	1276;1628;	2690;2913;	0.285;0.395;
kuo3	 k‍hˈu‍o	F	2	469;533;	823;843;	3071;3124;	0.334;0.389;
kuo4	 k‍hˈu‍o	F	2	463;529;	904;877;	2865;2864;	0.255;0.265;
la1	 lˈɑ	F	1	774;	1464;	2395;	0.345;
la2	 lˈɑ	F	1	818;	1382;	2168;	0.439;
la3	 lˈɑ	F	1	759;	1446;	2393;	0.207;
la4	 lˈɑ	F	1	799;	1390;	2002;	0.669;
lai2	 lˈa‍i	F	2	876;373;	1460;1871;	2488;2984;	0.422;0.732;
lai4	 lˈa‍i	F	2	830;523;	1434;1467;	2473;2648;	0.474;0.459;
lan2	 lˈan	F	1	886;	1677;	2380;	0.421;
lan3	 lˈan	F	1	846;	1614;	2711;	0.462;
lan4	 lˈan	F	1	822;	1672;	2921;	0.207;
lang1	 lˈaŋ	F	1	856;	1474;	2572;	0.279;
lang2	 lˈaŋ	F	1	847;	1441;	2596;	0.383;
lang3	 lˈaŋ	F	1	862;	1390;	1938;	0.761;
lang4	 lˈaŋ	F	1	856;	1466;	2459;	0.468;
lao1	 lˈɑ‍u	F	2	876;459;	1146;872;	2936;2503;	0.428;0.558;
lao2	 lˈɑ‍u	F	2	836;396;	1151;694;	3068;2506;	0.420;0.555;
lao3	 lˈɑ‍u	F	2	839;464;	1197;813;	2756;2973;	0.402;0.651;
lao4	 lˈɑ‍u	F	2	837;521;	1180;922;	2824;2663;	0.527;0.617;
le	 lˈə	F	1	492;	1759;	3096;	0.372;
le0	 lˈə	F	1	492;	1759;	3096;	0.372;
le4	 lˈə	F	1	489;	1582;	2776;	0.189;
lei1	 lˈe‍i	F	2	431;311;	1819;1684;	3079;2804;	0.259;0.169;
lei2	 lˈe‍i	F	2	431;320;	1819;1731;	2808;3003;	0.479;0.781;
lei3	 lˈe‍i	F	2	428;339;	1918;1932;	2803;2973;	0.574;0.642;
lei4	 lˈe‍i	F	2	448;330;	1750;1771;	3174;2812;	0.200;0.115;
leng2	 lˈəŋ	F	1	535;	1662;	3054;	0.476;
leng3	 lˈəŋ	F	1	548;	1647;	2828;	0.663;
leng4	 lˈəŋ	F	1	499;	1505;	3109;	0.167;
li1	 lˈi	F	1	308;	1816;	3045;	0.763;
li2	 lˈi	F	1	320;	1879;	3223;	0.809;
li3	 lˈi	F	1	327;	1822;	2852;	0.513;
li4	 lˈi	F	1	313;	1848;	3041;	0.874;
lia3	 lˈi‍ɑ	F	2	354;941;	1813;1600;	2916;2219;	0.160;0.578;
lian2	 lˈi‍ɛn	F	2	306;639;	1867;2021;	2688;2573;	0.223;0.573;
lian3	 lˈi‍ɛn	F	2	297;687;	1840;1853;	2996;2639;	0.464;0.766;
lian4	 lˈi‍ɛn	F	2	445;648;	2081;2035;	2731;2721;	0.380;0.590;
liang2	 lˈi‍ɑŋ	F	2	353;778;	1649;1528;	2665;2476;	0.260;0.560;
liang3	 lˈi‍ɑŋ	F	2	351;829;	1842;1502;	2862;2428;	0.506;0.816;
liang4	 lˈi‍ɑŋ	F	2	292;761;	1639;1429;	2756;2520;	0.496;0.771;
liao1	 ljˈɑ‍u	F	2	825;401;	1177;780;	2912;2647;	0.575;0.700;
liao2	 ljˈɑ‍u	F	2	848;429;	1193;772;	2979;2525;	0.670;0.790;
liao3	 ljˈɑ‍u	F	2	824;457;	1190;842;	2827;2586;	0.679;0.814;
liao4	 ljˈɑ‍u	F	2	816;616;	1170;889;	2473;2604;	0.627;0.692;
lie1	 lˈi‍ɛ	F	2	335;639;	2089;1924;	2935;2588;	0.284;0.634;
lie4	 lˈi‍ɛ	F	2	375;671;	1914;1715;	2959;2564;	0.600;0.975;
lin2	 lˈin	F	1	313;	1646;	2380;	0.688;
lin3	 lˈin	F	1	305;	1776;	2924;	0.856;
lin4	 lˈin	F	1	303;	1913;	2693;	0.173;
ling1	 lˈiŋ	F	1	331;	1741;	2732;	0.140;
ling2	 lˈiŋ	F	1	306;	1715;	2897;	0.406;
ling3	 lˈiŋ	F	1	331;	1905;	3086;	0.527;
ling4	 lˈiŋ	F	1	306;	1706;	2653;	0.577;
liu1	 lˈi‍o‍u	F	3	285;525;461;	1652;906;778;	2639;2639;2606;	0.119;0.404;0.499;
liu2	 lˈi‍o‍u	F	3	435;517;450;	2132;894;757;	2597;2822;2447;	0.102;0.312;0.417;
liu3	 lˈi‍o‍u	F	3	346;517;405;	1816;955;776;	2640;2734;2628;	0.299;0.649;0.719;
liu4	 lˈi‍o‍u	F	3	336;517;419;	1770;829;913;	2843;3075;2620;	0.365;0.690;0.740;
lo1	 lˈo	F	1	553;	933;	3133;	0.470;
long2	 lˈo‍n‍ɡ	F	1	555;	855;	3310;	0.561;
long3	 lˈo‍n‍ɡ	F	1	567;	924;	2556;	1.030;
long4	 lˈo‍n‍ɡ	F	1	611;	1012;	2731;	0.656;
lou1	 lˈo‍u	F	2	518;436;	940;763;	3202;2533;	0.738;0.863;
lou2	 lˈo‍u	F	2	546;390;	863;862;	3010;2234;	0.540;0.740;
lou3	 lˈo‍u	F	2	561;400;	859;771;	3149;2920;	0.675;0.915;
lou4	 lˈo‍u	F	2	532;420;	865;759;	3169;2832;	0.532;0.592;
lu1	 lˈu	F	1	380;	792;	2717;	0.385;
lu2	 lˈu	F	1	420;	760;	2561;	0.504;
lu3	 lˈu	F	1	383;	756;	2492;	0.692;
lu4	 lˈu	F	1	410;	731;	2540;	0.715;
luan2	 lˈu‍an	F	2	478;864;	1011;1444;	2815;2651;	0.298;0.438;
luan3	 lˈu‍an	F	2	504;849;	966;1214;	2775;2873;	0.383;0.503;
luan4	 lˈu‍an	F	2	537;856;	1170;1379;	2848;2090;	0.126;0.246;
lue4	 lˈy‍ɛ	F	2	378;605;	2016;1725;	2866;2802;	0.247;0.437;
lun1	 lˈu‍ən	F	2	412;485;	1179;1608;	2827;2882;	0.300;0.385;
lun2	 lˈu‍ən	F	2	395;467;	1013;1492;	2702;2575;	0.485;0.590;
lun3	 lˈu‍ən	F	2	415;591;	1042;1415;	2919;3094;	0.565;0.670;
lun4	 lˈu‍ən	F	2	538;484;	1210;1612;	3001;2883;	0.226;0.306;
luo1	 lˈu‍o	F	2	461;531;	877;858;	2771;2984;	0.265;0.340;
luo2	 lˈu‍o	F	2	398;521;	797;858;	2899;2851;	0.364;0.444;
luo3	 lˈu‍o	F	2	411;535;	790;879;	2591;2666;	0.337;0.397;
luo4	 lˈu‍o	F	2	471;518;	944;976;	3055;3108;	0.189;0.234;
luu2	 luˈu	F	2	349;349;	1627;1627;	2585;2585;	0.618;0.618;
luu3	 luˈu	F	2	356;356;	1755;1755;	2428;2428;	0.774;0.774;
luu4	 luˈu	F	2	371;371;	1782;1782;	2582;2582;	0.385;0.385;
ma1	 mˈɑ	F	1	728;	1417;	2942;	0.249;
ma2	 mˈɑ	F	1	777;	1444;	2007;	0.423;
ma3	 mˈɑ	F	1	819;	1412;	1940;	0.278;
ma4	 mˈɑ	F	1	777;	1395;	2870;	0.251;
mai2	 mˈa‍i	F	2	852;375;	1441;1516;	2288;2824;	0.238;0.508;
mai3	 mˈa‍i	F	2	868;274;	1421;1554;	2411;2917;	0.161;0.668;
mai4	 mˈa‍i	F	2	852;293;	1524;1799;	2396;2713;	0.409;0.579;
man2	 mˈan	F	1	845;	1539;	2065;	0.577;
man3	 mˈan	F	1	819;	1497;	2241;	0.304;
man4	 mˈan	F	1	801;	1594;	2043;	0.262;
mang2	 mˈaŋ	F	1	837;	1476;	2585;	0.329;
mang3	 mˈaŋ	F	1	849;	1410;	2847;	0.675;
mao1	 mˈɑ‍u	F	2	799;475;	1219;973;	2885;2463;	0.148;0.358;
mao2	 mˈɑ‍u	F	2	821;635;	1200;810;	2964;2685;	0.357;0.452;
mao3	 mˈɑ‍u	F	2	819;444;	1205;1321;	2681;2738;	0.468;0.677;
mao4	 mˈɑ‍u	F	2	826;645;	1217;855;	2961;2484;	0.411;0.496;
me	 mˈo-	F	1	549;	1298;	2983;	0.318;
me0	 mˈo-	F	1	549;	1298;	2983;	0.318;
mei2	 mˈe‍i	F	2	379;371;	1894;1771;	3011;3021;	0.428;0.433;
mei3	 mˈe‍i	F	2	423;310;	1889;1714;	2899;2869;	0.733;0.159;
mei4	 mˈe‍i	F	2	476;293;	1855;1703;	2751;2869;	0.443;0.698;
men1	 mˈən	F	1	540;	1617;	2383;	0.366;
men2	 mˈən	F	1	494;	1782;	2694;	0.293;
men3	 mˈən	F	1	473;	1482;	2943;	0.188;
men4	 mˈən	F	1	494;	1671;	2647;	0.460;
meng2	 mˈəŋ	F	1	492;	1567;	3132;	0.564;
meng3	 mˈəŋ	F	1	514;	1537;	2946;	1.083;
meng4	 mˈəŋ	F	1	492;	1354;	3082;	0.285;
mi1	 mˈi	F	1	304;	1682;	2682;	0.351;
mi2	 mˈi	F	1	299;	1641;	2595;	0.323;
mi3	 mˈi	F	1	335;	1688;	3041;	0.580;
mi4	 mˈi	F	1	303;	1626;	2963;	0.555;
mian2	 mˈi‍ɛn	F	2	299;605;	1615;2012;	2670;2501;	0.200;0.525;
mian3	 mˈi‍ɛn	F	2	308;527;	1676;2214;	2784;2868;	0.497;0.647;
mian4	 mˈi‍ɛn	F	2	326;653;	1660;2009;	2595;2481;	0.507;0.737;
miao1	 mjˈɑ‍u	F	2	738;522;	1233;939;	2560;2556;	0.737;0.812;
miao2	 mjˈɑ‍u	F	2	830;595;	1200;960;	2533;2456;	0.468;0.508;
miao3	 mjˈɑ‍u	F	2	524;452;	1115;1129;	2664;2678;	0.702;0.707;
miao4	 mjˈɑ‍u	F	2	807;325;	1395;1448;	2253;2665;	0.374;0.194;
mie1	 mˈi‍ɛ	F	2	331;632;	1697;1801;	2681;2870;	0.228;0.428;
mie4	 mˈi‍ɛ	F	2	335;663;	1680;1997;	2585;2719;	0.172;0.452;
min2	 mˈin	F	1	325;	1571;	2791;	0.524;
min3	 mˈin	F	1	326;	1683;	2673;	0.296;
ming2	 mˈiŋ	F	1	323;	1837;	2767;	0.250;
ming3	 mˈiŋ	F	1	343;	1688;	2684;	0.336;
ming4	 mˈiŋ	F	1	313;	1718;	2741;	0.450;
miu1	 mˈi‍o‍u	F	3	319;516;425;	1877;957;974;	2659;2572;2568;	0.309;0.514;0.569;
miu4	 mˈi‍o‍u	F	3	732;672;672;	1753;909;909;	3090;2719;2719;	0.314;0.459;0.459;
mo1	 mˈo	F	1	576;	937;	2834;	0.375;
mo2	 mˈo	F	1	548;	910;	2509;	0.629;
mo3	 mˈo	F	1	555;	849;	3103;	0.352;
mo4	 mˈo	F	1	653;	912;	3160;	0.524;
mou2	 mˈo‍u	F	2	617;617;	855;855;	3468;3468;	0.521;0.521;
mou3	 mˈo‍u	F	2	459;418;	1001;1040;	2704;2656;	0.642;0.617;
mu2	 mˈu	F	1	402;	785;	2746;	0.425;
mu3	 mˈu	F	1	395;	846;	2678;	0.291;
mu4	 mˈu	F	1	492;	756;	2721;	0.580;
na2	 nˈɑ	F	1	797;	1478;	2509;	0.305;
na3	 nˈɑ	F	1	821;	1423;	2831;	0.815;
na4	 nˈɑ	F	1	947;	1505;	2895;	0.177;
nai3	 nˈa‍i	F	2	840;326;	1550;1774;	2095;2781;	0.482;0.282;
nai4	 nˈa‍i	F	2	951;315;	1618;1658;	2287;2760;	0.287;0.162;
nan1	 nˈan	F	1	854;	1572;	2250;	0.659;
nan2	 nˈan	F	1	775;	1572;	2247;	0.396;
nan3	 nˈan	F	1	832;	1614;	2162;	0.563;
nan4	 nˈan	F	1	924;	1579;	2358;	0.391;
nang1	 nˈaŋ	F	1	847;	1516;	2397;	0.387;
nang2	 nˈaŋ	F	1	856;	1514;	2334;	0.276;
nang3	 nˈaŋ	F	1	856;	1526;	2539;	0.378;
nang4	 nˈaŋ	F	1	855;	1448;	2155;	0.470;
nao1	 nˈɑ‍u	F	2	807;605;	1184;760;	2699;2642;	0.422;0.502;
nao2	 nˈɑ‍u	F	2	835;438;	1177;941;	3107;2594;	0.386;0.491;
nao3	 nˈɑ‍u	F	2	840;490;	1174;1137;	2381;2771;	0.655;0.835;
nao4	 nˈɑ‍u	F	2	827;640;	1228;945;	2817;2426;	0.347;0.412;
ne	 nˈə	F	1	503;	1761;	2713;	0.223;
ne0	 nˈə	F	1	503;	1761;	2713;	0.223;
nei3	 nˈe‍i	F	2	419;343;	1916;1832;	2759;2792;	0.249;0.239;
nei4	 nˈe‍i	F	2	392;380;	1897;1776;	2736;2833;	0.180;0.170;
nen4	 nˈən	F	1	493;	1655;	2696;	0.424;
neng2	 nˈəŋ	F	1	499;	1664;	2805;	0.391;
ni2	 nˈi	F	1	380;	1912;	3027;	0.336;
ni3	 nˈi	F	1	327;	1863;	2748;	0.696;
ni4	 nˈi	F	1	333;	1760;	2758;	0.447;
nian2	 nˈi‍ɛn	F	2	366;603;	1777;2083;	2696;2799;	0.178;0.458;
nian3	 nˈi‍ɛn	F	2	357;597;	1992;2080;	2837;2732;	0.823;0.718;
nian4	 nˈi‍ɛn	F	2	306;613;	1924;1998;	2639;2979;	0.549;0.344;
niang2	 nˈi‍ɑŋ	F	2	325;690;	1685;1601;	2625;2403;	0.299;0.569;
niang4	 nˈi‍ɑŋ	F	2	304;694;	1566;1535;	2579;2279;	0.510;0.780;
niao3	 njˈɑ‍u	F	2	628;458;	961;1131;	3203;2708;	0.600;0.695;
niao4	 njˈɑ‍u	F	2	857;379;	1487;1561;	2532;2726;	0.337;0.152;
nie1	 nˈi‍ɛ	F	2	314;665;	1552;1696;	2739;2611;	0.115;0.430;
nie2	 nˈi‍ɛ	F	2	304;714;	1925;1845;	2783;2707;	0.312;0.677;
nie4	 nˈi‍ɛ	F	2	335;694;	1841;1972;	2703;2496;	0.133;0.403;
nin2	 nˈin	F	1	315;	2030;	2801;	0.175;
nin3	 nˈin	F	1	320;	1734;	2776;	0.302;
ning2	 nˈiŋ	F	1	309;	1732;	2778;	0.215;
ning3	 nˈiŋ	F	1	333;	1804;	2696;	0.267;
ning4	 nˈiŋ	F	1	331;	1533;	2592;	0.464;
niu1	 nˈi‍o‍u	F	3	346;525;478;	1848;973;1016;	2708;2546;2558;	0.372;0.597;0.617;
niu2	 nˈi‍o‍u	F	3	305;547;475;	1911;928;889;	2771;2577;2686;	0.154;0.364;0.389;
niu3	 nˈi‍o‍u	F	3	324;661;661;	1728;998;998;	2776;3262;3262;	0.186;0.716;0.716;
niu4	 nˈi‍o‍u	F	3	316;481;409;	1637;1183;1165;	2657;2546;2569;	0.249;0.682;0.677;
nong2	 nˈo‍n‍ɡ	F	1	638;	1017;	3180;	0.486;
nong4	 nˈo‍n‍ɡ	F	1	632;	1118;	2827;	0.310;
nu2	 nˈu	F	1	407;	1034;	2674;	0.509;
nu3	 nˈu	F	1	430;	918;	2670;	0.615;
nu4	 nˈu	F	1	494;	1102;	2767;	0.538;
nuan3	 nˈu‍an	F	2	419;840;	1115;1515;	2924;2277;	0.298;0.513;
nue4	 nˈy‍ɛ	F	2	324;609;	1688;1715;	2737;2567;	0.276;0.591;
nuo2	 nˈu‍o	F	2	556;556;	960;960;	3228;3228;	0.375;0.375;
nuo3	 nˈu‍o	F	2	402;457;	904;1001;	2711;2643;	0.236;0.256;
nuo4	 nˈu‍o	F	2	579;579;	1068;1068;	3023;3023;	0.436;0.436;
nuu3	 nuˈu	F	2	375;375;	1953;1953;	2652;2652;	0.356;0.356;
nuu4	 nuˈu	F	2	409;409;	1672;1672;	2710;2710;	0.607;0.607;
o4	 ˈo	F	1	663;	997;	3285;	0.245;
on1	 ˈon	F	1	614;	885;	3131;	0.254;
ou1	 ˈo‍u	F	2	520;421;	917;787;	2895;2479;	0.159;0.339;
ou3	 ˈo‍u	F	2	535;383;	870;742;	3054;2574;	0.194;0.562;
ou4	 ˈo‍u	F	2	551;412;	850;740;	3145;2843;	0.197;0.252;
pa1	 p‍hˈɑ	F	1	829;	1437;	2111;	0.291;
pa2	 p‍hˈɑ	F	1	851;	1474;	2244;	0.466;
pa4	 p‍hˈɑ	F	1	846;	1537;	2911;	0.468;
pai1	 p‍hˈa‍i	F	2	836;592;	1537;1739;	2500;2754;	0.403;0.528;
pai2	 p‍hˈa‍i	F	2	825;294;	1639;1939;	2442;3036;	0.410;0.570;
pai3	 p‍hˈa‍i	F	2	827;351;	1470;1993;	2746;3035;	0.307;0.771;
pai4	 p‍hˈa‍i	F	2	944;447;	1505;2004;	2465;2725;	0.370;0.540;
pan1	 p‍hˈan	F	1	856;	1517;	2533;	0.585;
pan2	 p‍hˈan	F	1	768;	1521;	2046;	0.469;
pan4	 p‍hˈan	F	1	840;	1592;	2223;	0.397;
pang1	 p‍hˈaŋ	F	1	847;	1434;	2846;	0.408;
pang2	 p‍hˈaŋ	F	1	797;	1557;	2877;	0.241;
pang4	 p‍hˈaŋ	F	1	862;	1422;	2406;	0.413;
pao1	 p‍hˈɑ‍u	F	2	830;494;	1181;867;	2822;2444;	0.399;0.509;
pao2	 p‍hˈɑ‍u	F	2	822;434;	1173;808;	2855;2331;	0.638;0.788;
pao3	 p‍hˈɑ‍u	F	2	816;470;	1278;914;	2901;2782;	0.222;0.621;
pao4	 p‍hˈɑ‍u	F	2	820;622;	1188;958;	2815;2747;	0.335;0.380;
pei1	 p‍hˈe‍i	F	2	420;344;	1799;1859;	2804;2961;	0.380;0.450;
pei2	 p‍hˈe‍i	F	2	418;311;	1985;1989;	2884;2984;	0.310;0.490;
pei4	 p‍hˈe‍i	F	2	359;330;	1916;1729;	2985;2941;	0.388;0.393;
pen1	 p‍hˈən	F	1	486;	1703;	2311;	0.242;
pen2	 p‍hˈən	F	1	403;	1719;	2634;	0.674;
pen3	 p‍hˈən	F	1	533;	1618;	2297;	0.518;
peng1	 p‍hˈəŋ	F	1	491;	1635;	2923;	0.257;
peng2	 p‍hˈəŋ	F	1	525;	1573;	3032;	0.258;
peng3	 p‍hˈəŋ	F	1	506;	1503;	2362;	0.560;
peng4	 p‍hˈəŋ	F	1	417;	1437;	2676;	0.451;
pi1	 p‍hˈi	F	1	374;	1736;	3111;	0.652;
pi2	 p‍hˈi	F	1	278;	1953;	3039;	0.252;
pi3	 p‍hˈi	F	1	325;	2086;	3018;	0.486;
pi4	 p‍hˈi	F	1	363;	1823;	2907;	0.574;
pian1	 p‍hˈi‍ɛn	F	2	317;660;	1627;1990;	2675;2701;	0.755;0.625;
pian2	 p‍hˈi‍ɛn	F	2	420;703;	2088;1853;	2926;2586;	0.384;0.504;
pian4	 p‍hˈi‍ɛn	F	2	370;606;	1826;1895;	2769;2773;	0.515;0.335;
piao1	 p‍hjˈɑ‍u	F	2	779;528;	1208;861;	2335;2257;	0.409;0.519;
piao2	 p‍hjˈɑ‍u	F	2	830;457;	1193;750;	2608;2436;	0.572;0.727;
piao3	 p‍hjˈɑ‍u	F	2	828;513;	1176;913;	3087;2751;	0.789;0.974;
piao4	 p‍hjˈɑ‍u	F	2	841;391;	1178;1017;	2563;2687;	0.448;0.518;
pie1	 p‍hˈi‍ɛ	F	2	337;655;	2200;1773;	2918;2547;	0.230;0.390;
pie3	 p‍hˈi‍ɛ	F	2	389;674;	2306;1806;	3226;2681;	0.497;1.014;
pin1	 p‍hˈin	F	1	358;	1739;	2645;	0.497;
pin2	 p‍hˈin	F	1	401;	1915;	2640;	0.573;
pin3	 p‍hˈin	F	1	357;	1743;	2655;	0.708;
pin4	 p‍hˈin	F	1	393;	2038;	2834;	0.317;
ping1	 p‍hˈiŋ	F	1	474;	1983;	2908;	0.244;
ping2	 p‍hˈiŋ	F	1	378;	2211;	3002;	0.355;
po1	 p‍hˈo	F	1	527;	1012;	2274;	0.545;
po2	 p‍hˈo	F	1	506;	886;	3123;	0.294;
po3	 p‍hˈo	F	1	516;	873;	2980;	0.410;
po4	 p‍hˈo	F	1	549;	918;	3036;	0.230;
pou1	 p‍hˈo‍u	F	2	559;519;	863;728;	3044;3047;	0.475;0.510;
pou2	 p‍hˈo‍u	F	2	543;398;	857;752;	3091;3030;	0.282;0.352;
pou3	 p‍hˈo‍u	F	2	522;396;	899;774;	3091;2642;	0.607;0.825;
pu1	 p‍hˈu	F	1	381;	692;	3149;	0.530;
pu2	 p‍hˈu	F	1	388;	728;	2626;	0.620;
pu3	 p‍hˈu	F	1	381;	787;	2855;	0.287;
pu4	 p‍hˈu	F	1	432;	847;	3128;	0.361;
qi1	 t‍ɕ‍hˈi	F	1	323;	1801;	2936;	0.468;
qi2	 t‍ɕ‍hˈi	F	1	306;	2002;	3082;	0.726;
qi3	 t‍ɕ‍hˈi	F	1	319;	2056;	2887;	0.725;
qi4	 t‍ɕ‍hˈi	F	1	370;	2229;	2899;	0.602;
qia1	 t‍ɕ‍hˈi‍ɑ	F	2	603;805;	1854;1417;	2414;2159;	0.627;0.782;
qia3	 t‍ɕ‍hˈi‍ɑ	F	2	447;853;	1847;1496;	2681;2257;	0.338;0.681;
qia4	 t‍ɕ‍hˈi‍ɑ	F	2	537;1025;	1860;1482;	2781;2090;	0.255;0.350;
qian1	 t‍ɕ‍hˈi‍ɛn	F	2	301;681;	1435;1749;	2316;2503;	0.650;0.540;
qian2	 t‍ɕ‍hˈi‍ɛn	F	2	322;666;	1703;1760;	2458;2405;	0.878;0.773;
qian3	 t‍ɕ‍hˈi‍ɛn	F	2	316;631;	1808;2228;	2752;2801;	0.696;0.450;
qian4	 t‍ɕ‍hˈi‍ɛn	F	2	391;636;	1802;1883;	2918;2512;	0.701;0.681;
qiang1	 t‍ɕ‍hˈi‍ɑŋ	F	2	404;825;	1259;1528;	2593;2608;	0.812;0.752;
qiang2	 t‍ɕ‍hˈi‍ɑŋ	F	2	497;769;	1343;1464;	2749;2419;	0.566;0.516;
qiang3	 t‍ɕ‍hˈi‍ɑŋ	F	2	417;1000;	1971;1629;	2869;2483;	0.300;0.430;
qiang4	 t‍ɕ‍hˈi‍ɑŋ	F	2	608;860;	1700;1538;	2642;2398;	0.336;0.411;
qiao1	 t‍ɕ‍hjˈɑ‍u	F	2	814;484;	1207;677;	2547;2613;	0.318;0.393;
qiao2	 t‍ɕ‍hjˈɑ‍u	F	2	829;472;	1152;831;	3011;2563;	0.613;0.723;
qiao3	 t‍ɕ‍hjˈɑ‍u	F	2	821;418;	1169;810;	2777;3303;	0.614;0.779;
qiao4	 t‍ɕ‍hjˈɑ‍u	F	2	820;770;	1380;1480;	2331;2521;	0.471;0.466;
qie1	 t‍ɕ‍hˈi‍ɛ	F	2	377;649;	2182;1695;	2810;2630;	0.350;0.430;
qie2	 t‍ɕ‍hˈi‍ɛ	F	2	390;688;	2079;1801;	2867;2667;	0.351;0.591;
qie3	 t‍ɕ‍hˈi‍ɛ	F	2	349;656;	1678;1733;	2595;2585;	0.987;0.887;
qie4	 t‍ɕ‍hˈi‍ɛ	F	2	420;680;	1913;1710;	3000;2536;	0.515;0.620;
qin1	 t‍ɕ‍hˈin	F	1	363;	1873;	2837;	0.466;
qin2	 t‍ɕ‍hˈin	F	1	290;	1634;	2812;	0.740;
qin3	 t‍ɕ‍hˈin	F	1	332;	1615;	2843;	1.049;
qin4	 t‍ɕ‍hˈin	F	1	415;	1970;	3046;	0.430;
qing1	 t‍ɕ‍hˈiŋ	F	1	345;	2270;	3108;	0.660;
qing2	 t‍ɕ‍hˈiŋ	F	1	367;	2218;	3066;	0.562;
qing3	 t‍ɕ‍hˈiŋ	F	1	411;	1764;	3025;	0.821;
qing4	 t‍ɕ‍hˈiŋ	F	1	404;	2108;	3114;	0.356;
qiong2	 t‍ɕ‍hˈuŋ	F	1	638;	915;	3155;	0.464;
qiu1	 t‍ɕ‍hˈi‍o‍u	F	3	409;541;541;	1806;747;747;	2849;2813;2813;	0.199;0.334;0.334;
qiu2	 t‍ɕ‍hˈi‍o‍u	F	3	546;533;405;	1299;866;673;	2585;3103;3015;	0.220;0.345;0.435;
qu1	 t‍ɕ‍hˈy	F	1	369;	1876;	2618;	0.804;
qu2	 t‍ɕ‍hˈy	F	1	330;	2149;	2557;	0.518;
qu3	 t‍ɕ‍hˈy	F	1	345;	2113;	2680;	0.790;
qu4	 t‍ɕ‍hˈy	F	1	385;	1694;	2560;	0.699;
quan1	 t‍ɕ‍hˈy‍æn	F	2	365;681;	1597;1708;	2504;2522;	0.537;0.477;
quan2	 t‍ɕ‍hˈy‍æn	F	2	328;698;	1677;1615;	2691;2815;	0.583;0.797;
quan3	 t‍ɕ‍hˈy‍æn	F	2	351;593;	1744;1943;	2601;2689;	0.917;0.510;
quan4	 t‍ɕ‍hˈy‍æn	F	2	484;667;	2034;1765;	2664;2277;	0.227;0.362;
que1	 t‍ɕ‍hˈy‍ɛ	F	2	406;691;	2170;1809;	2691;2769;	0.303;0.388;
que2	 t‍ɕ‍hˈy‍ɛ	F	2	412;685;	2118;1699;	2713;2443;	0.369;0.614;
que4	 t‍ɕ‍hˈy‍ɛ	F	2	432;662;	2092;1752;	2654;2730;	0.354;0.394;
qun2	 t‍ɕ‍hˈy‍in	F	2	351;351;	1773;1773;	2681;2681;	0.647;0.647;
ran2	 ʐˈan	F	1	900;	1521;	2682;	0.212;
ran3	 ʐˈan	F	1	887;	1536;	2560;	0.353;
rang2	 ʐˈaŋ	F	1	848;	1423;	2390;	0.388;
rang3	 ʐˈaŋ	F	1	879;	1508;	2647;	0.393;
rang4	 ʐˈaŋ	F	1	863;	1440;	2405;	0.593;
rao2	 ʐˈɑ‍u	F	2	826;422;	1179;664;	2946;2965;	0.750;0.865;
rao3	 ʐˈɑ‍u	F	2	817;366;	1194;772;	3022;2401;	0.564;0.744;
rao4	 ʐˈɑ‍u	F	2	830;830;	1171;1171;	2972;2972;	0.532;0.532;
re3	 ʐˈo-	F	1	535;	1239;	2258;	1.088;
re4	 ʐˈo-	F	1	543;	1300;	2398;	0.597;
ren2	 ʐˈən	F	1	485;	1786;	2532;	0.674;
ren3	 ʐˈən	F	1	516;	1705;	3025;	0.552;
ren4	 ʐˈən	F	1	506;	1789;	2221;	0.191;
reng1	 ʐˈəŋ	F	1	502;	1833;	2256;	0.245;
reng2	 ʐˈəŋ	F	1	474;	1620;	2820;	0.555;
ri4	 ʐˈi.	F	1	431;	1936;	2657;	0.505;
rong2	 ʐˈo‍n‍ɡ	F	1	609;	878;	3096;	0.490;
rong3	 ʐˈo‍n‍ɡ	F	1	604;	960;	3318;	0.423;
rou2	 ʐˈo‍u	F	2	528;404;	864;691;	3120;2730;	0.379;0.469;
rou4	 ʐˈo‍u	F	2	567;426;	825;739;	3310;3059;	0.448;0.488;
ru2	 ʐˈu	F	1	378;	734;	2738;	0.351;
ru3	 ʐˈu	F	1	399;	725;	2616;	0.729;
ru4	 ʐˈu	F	1	385;	749;	2770;	0.762;
ruan3	 ʐˈu‍an	F	2	316;873;	1016;1490;	2292;2526;	0.214;0.444;
rui4	 ʐˈu‍e‍i	F	3	395;437;319;	1188;2185;1820;	2109;2754;2874;	0.345;0.510;0.580;
run4	 ʐˈu‍ən	F	2	354;513;	1437;1619;	2036;2195;	0.286;0.316;
ruo4	 ʐˈu‍o	F	2	556;565;	989;970;	3170;3210;	0.385;0.390;
sa1	 sˈɑ	F	1	838;	1409;	2240;	0.384;
sa3	 sˈɑ	F	1	874;	1415;	2420;	0.676;
sa4	 sˈɑ	F	1	927;	1382;	2452;	0.371;
sai1	 sˈa‍i	F	2	849;298;	1384;1532;	2677;2770;	0.247;0.442;
sai4	 sˈa‍i	F	2	861;304;	1423;1639;	2086;2634;	0.362;0.477;
san1	 sˈan	F	1	866;	1605;	2533;	0.219;
san3	 sˈan	F	1	838;	1485;	1987;	0.540;
san4	 sˈan	F	1	847;	1411;	2191;	0.707;
sang1	 sˈaŋ	F	1	857;	1479;	2340;	0.375;
sang3	 sˈaŋ	F	1	863;	1387;	2566;	0.460;
sang4	 sˈaŋ	F	1	850;	1512;	2465;	0.644;
sao1	 sˈɑ‍u	F	2	840;602;	1305;1429;	2305;2752;	0.540;0.480;
sao3	 sˈɑ‍u	F	2	839;376;	1155;927;	2743;2510;	0.621;0.771;
sao4	 sˈɑ‍u	F	2	832;750;	1176;1045;	2506;2901;	0.512;0.567;
se4	 sˈo-	F	1	580;	1327;	2966;	0.569;
seng1	 sˈəŋ	F	1	511;	1608;	2980;	0.287;
sha1	 s.ˈɑ	F	1	815;	1262;	2512;	0.476;
sha3	 s.ˈɑ	F	1	853;	1370;	2735;	0.636;
sha4	 s.ˈɑ	F	1	822;	1202;	2847;	0.528;
shai1	 s.ˈa‍i	F	2	856;360;	1445;1726;	2189;2777;	0.385;0.500;
shai4	 s.ˈa‍i	F	2	863;563;	1485;1622;	2659;2917;	0.573;0.533;
shan1	 s.ˈan	F	1	856;	1447;	2706;	0.335;
shan3	 s.ˈan	F	1	873;	1492;	2646;	0.318;
shan4	 s.ˈan	F	1	865;	1438;	2313;	0.655;
shang1	 s.ˈaŋ	F	1	841;	1452;	2430;	0.418;
shang3	 s.ˈaŋ	F	1	497;	1332;	2703;	0.645;
shang4	 s.ˈaŋ	F	1	864;	1408;	2515;	0.323;
shao1	 s.ˈɑ‍u	F	2	818;471;	1194;975;	2754;2649;	0.382;0.502;
shao2	 s.ˈɑ‍u	F	2	822;448;	1204;828;	2662;2662;	0.440;0.615;
shao3	 s.ˈɑ‍u	F	2	827;454;	1189;882;	2973;2797;	0.520;0.680;
shao4	 s.ˈɑ‍u	F	2	843;589;	1169;1462;	2470;2980;	0.408;0.273;
she1	 s.ˈo-	F	1	600;	1248;	2700;	0.642;
she2	 s.ˈo-	F	1	493;	1365;	2658;	0.632;
she3	 s.ˈo-	F	1	640;	1361;	2901;	0.728;
she4	 s.ˈo-	F	1	685;	1241;	2973;	0.461;
shei2	 s.ˈe‍i	F	2	438;299;	1877;1964;	2782;3046;	0.476;0.576;
shen1	 s.ˈən	F	1	531;	1649;	2296;	0.515;
shen2	 s.ˈən	F	1	502;	1754;	2967;	0.316;
shen3	 s.ˈən	F	1	503;	1757;	2945;	0.754;
shen4	 s.ˈən	F	1	527;	1622;	2137;	0.409;
sheng1	 s.ˈəŋ	F	1	510;	1761;	3057;	0.312;
sheng2	 s.ˈəŋ	F	1	520;	1722;	2667;	1.236;
sheng3	 s.ˈəŋ	F	1	497;	1725;	3007;	0.591;
sheng4	 s.ˈəŋ	F	1	519;	1745;	3176;	0.404;
shi1	 s.ˈi.	F	1	439;	1838;	2691;	0.519;
shi2	 s.ˈi.	F	1	423;	1892;	2929;	0.525;
shi3	 s.ˈi.	F	1	431;	1914;	2812;	0.543;
shi4	 s.ˈi.	F	1	430;	1957;	3028;	0.447;
shu1	 s.ˈu	F	1	393;	723;	2894;	0.470;
shu2	 s.ˈu	F	1	401;	858;	2721;	0.494;
shu3	 s.ˈu	F	1	411;	827;	2949;	0.861;
shu4	 s.ˈu	F	1	409;	845;	2936;	0.593;
shua1	 s.wˈɑ	F	1	815;	1205;	2990;	0.338;
shua3	 s.wˈɑ	F	1	794;	1187;	2673;	0.428;
shuai1	 s.ˈu‍a‍i	F	3	521;858;302;	1403;1451;1673;	2672;2555;2877;	0.465;0.580;0.720;
shuai3	 s.ˈu‍a‍i	F	3	568;845;319;	1329;1442;1694;	2620;2630;2885;	0.603;0.748;1.055;
shuai4	 s.ˈu‍a‍i	F	3	637;843;637;	1487;1321;1487;	2729;2744;2729;	0.540;0.590;0.540;
shuan1	 s.ˈu‍an	F	2	567;841;	1433;1427;	2227;2763;	0.588;0.538;
shuang1	 s.wˈɑŋ	F	1	793;	1158;	2968;	0.438;
shuang3	 s.wˈɑŋ	F	1	823;	1217;	2905;	0.456;
shui3	 s.wˈe‍i	F	2	404;320;	2108;2030;	2829;2916;	0.825;0.925;
shui4	 s.wˈe‍i	F	2	484;345;	1939;2300;	2809;2772;	0.561;0.586;
shun3	 s.wˈo-n	F	1	558;	1435;	2970;	0.544;
shun4	 s.wˈo-n	F	1	607;	1700;	3027;	0.380;
shuo1	 s.wˈo	F	1	531;	945;	3029;	0.587;
shuo4	 s.wˈo	F	1	565;	986;	3138;	0.414;
si1	 sˈi̪	F	1	420;	1741;	2683;	0.537;
si3	 sˈi̪	F	1	432;	1847;	2810;	0.841;
si4	 sˈi̪	F	1	442;	1839;	2784;	0.976;
song1	 sˈo‍n‍ɡ	F	1	608;	859;	2642;	0.518;
song3	 sˈo‍n‍ɡ	F	1	624;	988;	3037;	0.395;
song4	 sˈo‍n‍ɡ	F	1	710;	1173;	3054;	0.242;
sou1	 sˈo‍u	F	2	516;455;	899;868;	3057;2553;	0.425;0.485;
sou3	 sˈo‍u	F	2	533;425;	919;847;	3102;3073;	0.562;0.652;
su1	 sˈu	F	1	378;	854;	3003;	0.689;
su4	 sˈu	F	1	419;	865;	2620;	0.397;
suan1	 sˈu‍an	F	2	516;745;	1395;1331;	3011;2843;	0.416;0.496;
suan4	 sˈu‍an	F	2	448;747;	1398;1396;	2492;2027;	0.472;0.412;
sui1	 sˈu‍e‍i	F	3	383;469;317;	1429;1757;1695;	2977;2744;2917;	0.857;0.822;0.912;
sui2	 sˈu‍e‍i	F	3	317;398;324;	1477;1882;1668;	3003;2999;2952;	0.782;0.717;0.797;
sui3	 sˈu‍e‍i	F	3	551;372;318;	1442;1891;1841;	2932;2934;3033;	0.291;0.721;0.636;
sui4	 sˈu‍e‍i	F	3	511;458;448;	1583;2241;2313;	2953;2904;2815;	0.712;0.872;0.877;
sun1	 sˈu‍ən	F	2	399;489;	1559;1649;	2671;3072;	0.709;0.492;
sun3	 sˈu‍ən	F	2	517;498;	1447;1749;	2846;2847;	0.410;0.480;
suo1	 sˈu‍o	F	2	518;518;	870;887;	2938;2924;	0.287;0.282;
suo3	 sˈu‍o	F	2	516;538;	969;940;	2839;2873;	0.468;0.478;
ta1	 t‍hˈɑ	F	1	773;	1469;	2684;	0.324;
ta3	 t‍hˈɑ	F	1	852;	1284;	1925;	0.486;
ta4	 t‍hˈɑ	F	1	895;	1423;	2310;	0.417;
tai1	 t‍hˈa‍i	F	2	888;314;	1441;1770;	2499;2928;	0.517;0.712;
tai2	 t‍hˈa‍i	F	2	843;316;	1434;1830;	2678;2929;	0.261;0.566;
tai4	 t‍hˈa‍i	F	2	883;505;	1434;2282;	1980;2747;	0.652;0.807;
tan1	 t‍hˈan	F	1	756;	1600;	2501;	0.356;
tan2	 t‍hˈan	F	1	880;	1506;	2514;	0.368;
tan3	 t‍hˈan	F	1	842;	1489;	2280;	0.370;
tan4	 t‍hˈan	F	1	842;	1492;	2200;	0.470;
tang1	 t‍hˈaŋ	F	1	841;	1435;	2531;	0.639;
tang2	 t‍hˈaŋ	F	1	853;	1431;	2684;	0.454;
tang3	 t‍hˈaŋ	F	1	894;	1411;	2778;	0.260;
tang4	 t‍hˈaŋ	F	1	809;	1449;	2521;	0.163;
tao1	 t‍hˈɑ‍u	F	2	837;423;	1185;793;	2865;2643;	0.360;0.500;
tao2	 t‍hˈɑ‍u	F	2	828;431;	1175;719;	2941;2580;	0.492;0.617;
tao3	 t‍hˈɑ‍u	F	2	833;455;	1194;841;	2893;3408;	0.431;0.591;
tao4	 t‍hˈɑ‍u	F	2	836;595;	1140;934;	2700;2136;	0.262;0.337;
te4	 t‍hˈə	F	1	658;	1695;	2701;	0.233;
teng2	 t‍hˈəŋ	F	1	564;	1752;	2698;	0.708;
ti1	 t‍hˈi	F	1	355;	2214;	2898;	0.432;
ti2	 t‍hˈi	F	1	346;	1927;	3176;	0.466;
ti3	 t‍hˈi	F	1	313;	1990;	2834;	0.713;
ti4	 t‍hˈi	F	1	384;	1943;	3006;	0.196;
tian1	 t‍hˈi‍ɛn	F	2	355;595;	1657;1882;	2545;2539;	0.285;0.260;
tian2	 t‍hˈi‍ɛn	F	2	351;627;	1625;1753;	2594;2518;	0.728;0.586;
tian3	 t‍hˈi‍ɛn	F	2	378;633;	1705;1864;	2500;2675;	0.574;0.484;
tian4	 t‍hˈi‍ɛn	F	2	298;636;	1835;1911;	2531;2560;	0.556;0.451;
tiao1	 t‍hjˈɑ‍u	F	2	773;418;	1266;793;	2294;2335;	0.419;0.529;
tiao2	 t‍hjˈɑ‍u	F	2	811;438;	1208;817;	2860;2328;	0.890;1.005;
tiao3	 t‍hjˈɑ‍u	F	2	825;507;	1190;890;	3120;2657;	0.769;0.899;
tiao4	 t‍hjˈɑ‍u	F	2	817;645;	1513;1653;	2297;2760;	0.357;0.337;
tie1	 t‍hˈi‍ɛ	F	2	340;629;	2104;1857;	2896;2566;	0.185;0.325;
tie3	 t‍hˈi‍ɛ	F	2	396;647;	2293;1763;	3025;2508;	0.311;0.531;
tie4	 t‍hˈi‍ɛ	F	2	383;664;	2044;1914;	2897;2676;	0.401;0.541;
ting1	 t‍hˈiŋ	F	1	346;	2159;	2769;	0.336;
ting2	 t‍hˈiŋ	F	1	363;	1663;	2573;	0.616;
ting3	 t‍hˈiŋ	F	1	386;	1950;	2947;	0.543;
tong1	 t‍hˈo‍n‍ɡ	F	1	544;	892;	2845;	0.390;
tong2	 t‍hˈo‍n‍ɡ	F	1	533;	942;	3166;	0.664;
tong3	 t‍hˈo‍n‍ɡ	F	1	577;	1100;	3067;	0.265;
tong4	 t‍hˈo‍n‍ɡ	F	1	574;	1079;	2553;	0.414;
tou1	 t‍hˈo‍u	F	2	567;456;	852;694;	3158;3010;	0.655;0.690;
tou2	 t‍hˈo‍u	F	2	528;393;	883;756;	3135;3001;	0.701;0.801;
tou4	 t‍hˈo‍u	F	2	552;467;	819;774;	3178;3008;	0.348;0.378;
tu1	 t‍hˈu	F	1	408;	740;	2571;	0.391;
tu2	 t‍hˈu	F	1	376;	729;	2510;	0.572;
tu3	 t‍hˈu	F	1	379;	752;	2746;	0.384;
tu4	 t‍hˈu	F	1	388;	749;	2657;	0.252;
tuan1	 t‍hˈu‍an	F	2	619;892;	957;1427;	2764;2690;	0.258;0.343;
tuan2	 t‍hˈu‍an	F	2	484;840;	987;1428;	2764;2329;	0.252;0.397;
tui1	 t‍hˈu‍e‍i	F	3	451;434;297;	1093;2049;1863;	2615;2802;2914;	0.328;0.468;0.558;
tui2	 t‍hˈu‍e‍i	F	3	451;400;288;	898;2256;1686;	2831;2902;3003;	0.159;0.424;0.514;
tui3	 t‍hˈu‍e‍i	F	3	423;388;341;	883;1989;2075;	2635;2809;2797;	0.546;1.015;1.030;
tui4	 t‍hˈu‍e‍i	F	3	600;564;564;	1148;2435;2435;	2597;2891;2891;	0.396;0.526;0.526;
tun1	 t‍hwˈu‍ən	F	2	404;478;	919;1583;	2726;2568;	0.241;0.352;
tun2	 t‍hwˈu‍ən	F	2	414;482;	933;1618;	2670;2830;	0.878;0.978;
tun3	 t‍hwˈu‍ən	F	2	437;492;	900;1691;	2871;2993;	0.357;0.643;
tun4	 t‍hwˈu‍ən	F	2	473;505;	1021;1508;	2872;2781;	0.239;0.329;
tuo1	 t‍hˈu‍o	F	2	398;534;	772;913;	3063;3215;	0.200;0.415;
tuo2	 t‍hˈu‍o	F	2	390;546;	790;913;	3011;3124;	0.335;0.610;
tuo3	 t‍hˈu‍o	F	2	441;537;	843;882;	2950;3140;	0.395;0.490;
tuo4	 t‍hˈu‍o	F	2	543;560;	800;897;	3055;3100;	0.240;0.290;
wa1	 wˈɑ	F	1	874;	1193;	3084;	0.432;
wa2	 wˈɑ	F	1	843;	1160;	2948;	0.442;
wa3	 wˈɑ	F	1	845;	1134;	2599;	0.378;
wa4	 wˈɑ	F	1	834;	1140;	3120;	0.203;
wai1	 wˈa‍i	F	2	922;279;	1364;1518;	2817;2932;	0.254;0.394;
wai4	 wˈa‍i	F	2	921;468;	1393;845;	2540;2753;	0.369;0.264;
wan1	 wˈɑn	F	1	835;	1173;	3189;	0.342;
wan2	 wˈɑn	F	1	862;	1134;	2911;	0.440;
wan3	 wˈɑn	F	1	873;	1215;	2895;	0.552;
wan4	 wˈɑn	F	1	843;	1174;	3148;	0.324;
wang1	 wˈɑŋ	F	1	788;	1146;	2827;	0.353;
wang2	 wˈɑŋ	F	1	876;	1153;	3049;	0.374;
wang3	 wˈɑŋ	F	1	838;	1158;	3043;	0.300;
wang4	 wˈɑŋ	F	1	822;	1189;	3210;	0.517;
wei1	 wˈe‍i	F	2	439;320;	2032;1723;	2888;2950;	0.401;0.461;
wei2	 wˈe‍i	F	2	446;307;	2190;1903;	2887;3011;	0.296;0.451;
wei3	 wˈe‍i	F	2	414;340;	1852;1952;	3043;2860;	0.875;0.530;
wei4	 wˈe‍i	F	2	450;312;	1861;1740;	2889;2849;	0.672;0.722;
wen1	 wˈu‍ən	F	2	427;525;	732;1719;	2806;2901;	0.327;0.392;
wen2	 wˈu‍ən	F	2	368;495;	776;1855;	2599;2627;	0.517;0.652;
wen3	 wˈu‍ən	F	2	389;490;	782;1618;	2612;2574;	0.537;0.757;
wen4	 wˈu‍ən	F	2	430;516;	818;1820;	2565;2724;	0.276;0.381;
weng1	 wˈu‍əŋ	F	2	384;535;	717;882;	2883;3066;	0.444;0.539;
weng3	 wˈu‍əŋ	F	2	375;490;	735;1410;	2712;2576;	0.459;0.764;
weng4	 wˈu‍əŋ	F	2	376;565;	848;1268;	2961;2707;	0.358;0.513;
wo1	 wˈo	F	1	550;	843;	3134;	0.382;
wo3	 wˈo	F	1	536;	833;	3131;	0.572;
wo4	 wˈo	F	1	543;	847;	3091;	0.391;
wu1	 wˈu	F	1	373;	735;	2473;	0.341;
wu2	 wˈu	F	1	366;	742;	2477;	0.194;
wu3	 wˈu	F	1	381;	722;	2585;	0.927;
wu4	 wˈu	F	1	378;	756;	2810;	0.677;
xi1	 ɕˈi	F	1	341;	1906;	3099;	0.688;
xi2	 ɕˈi	F	1	348;	2229;	2892;	0.592;
xi3	 ɕˈi	F	1	320;	2022;	2938;	0.718;
xi4	 ɕˈi	F	1	350;	1902;	3045;	0.601;
xia1	 ɕˈi‍ɑ	F	2	300;813;	1804;1546;	2774;2688;	0.878;0.733;
xia2	 ɕˈi‍ɑ	F	2	601;819;	1604;1508;	2803;2531;	0.889;0.781;
xia4	 ɕˈi‍ɑ	F	2	438;933;	2262;1776;	2952;2339;	0.686;0.746;
xian1	 ɕˈi‍ɛn	F	2	430;685;	2462;1824;	3011;2502;	0.823;0.958;
xian2	 ɕˈi‍ɛn	F	2	343;610;	1827;2096;	2566;2829;	0.425;0.390;
xian3	 ɕˈi‍ɛn	F	2	322;516;	1921;2340;	2899;2942;	1.068;0.784;
xian4	 ɕˈi‍ɛn	F	2	397;648;	1734;1938;	2541;2357;	0.660;0.635;
xiang1	 ɕˈi‍ɑŋ	F	2	558;787;	2253;1613;	3202;2995;	0.463;0.528;
xiang2	 ɕˈi‍ɑŋ	F	2	366;754;	1391;1429;	2779;2386;	0.795;0.629;
xiang3	 ɕˈi‍ɑŋ	F	2	391;821;	1698;1410;	2623;2384;	1.251;0.839;
xiang4	 ɕˈi‍ɑŋ	F	2	630;894;	2229;1716;	2803;2397;	0.339;0.399;
xiao1	 ɕjˈɑ‍u	F	2	811;647;	1200;926;	3047;3155;	0.662;0.712;
xiao2	 ɕjˈɑ‍u	F	2	818;511;	1208;731;	2822;2896;	0.733;0.889;
xiao3	 ɕjˈɑ‍u	F	2	855;501;	1154;802;	3035;2707;	0.919;1.064;
xiao4	 ɕjˈɑ‍u	F	2	955;601;	1302;1986;	2647;2783;	0.645;0.540;
xie1	 ɕˈi‍ɛ	F	2	323;698;	2390;1758;	3109;2614;	0.713;0.908;
xie2	 ɕˈi‍ɛ	F	2	389;658;	2480;1741;	3204;2594;	0.445;0.730;
xie3	 ɕˈi‍ɛ	F	2	387;722;	2323;1781;	2855;2429;	0.301;0.536;
xie4	 ɕˈi‍ɛ	F	2	385;655;	2254;1742;	2939;2598;	0.452;0.647;
xin1	 ɕˈin	F	1	340;	1634;	2890;	0.527;
xin4	 ɕˈin	F	1	321;	1739;	2742;	0.793;
xing1	 ɕˈiŋ	F	1	363;	2370;	3098;	0.359;
xing2	 ɕˈiŋ	F	1	367;	1538;	2932;	0.820;
xing3	 ɕˈiŋ	F	1	361;	1864;	2990;	0.620;
xing4	 ɕˈiŋ	F	1	358;	1513;	2919;	0.628;
xiong1	 ɕˈyŋ	F	1	464;	2104;	2631;	0.405;
xiong2	 ɕˈyŋ	F	1	422;	1789;	2633;	0.613;
xiu1	 ɕˈi‍o‍u	F	3	506;583;530;	1834;884;739;	2689;2702;2756;	0.482;0.597;0.627;
xiu3	 ɕˈi‍o‍u	F	3	390;533;426;	1974;859;798;	2616;3065;3168;	0.458;0.740;0.810;
xiu4	 ɕˈi‍o‍u	F	3	425;662;662;	2129;976;976;	2673;2949;2949;	0.415;0.530;0.530;
xu1	 ɕˈy	F	1	367;	2130;	2613;	0.805;
xu2	 ɕˈy	F	1	329;	2170;	2641;	0.508;
xu3	 ɕˈy	F	1	335;	1993;	2510;	0.530;
xu4	 ɕˈy	F	1	377;	1753;	2612;	0.833;
xuan1	 ɕˈy‍æn	F	2	358;660;	2214;1860;	2683;2674;	0.603;0.723;
xuan2	 ɕˈy‍æn	F	2	320;631;	1742;1926;	2685;2771;	1.247;1.122;
xuan3	 ɕˈy‍æn	F	2	300;673;	1572;1814;	2800;2913;	1.393;1.215;
xuan4	 ɕˈy‍æn	F	2	424;629;	1943;2083;	2692;3172;	0.707;0.687;
xue1	 ɕˈy‍ɛ	F	2	402;655;	2177;1741;	2623;2801;	0.757;0.857;
xue2	 ɕˈy‍ɛ	F	2	439;707;	2112;1737;	2638;2648;	0.541;0.696;
xue3	 ɕˈy‍ɛ	F	2	399;761;	2369;1862;	2842;2553;	0.509;0.649;
xue4	 ɕˈy‍ɛ	F	2	542;659;	2265;2164;	2686;2797;	0.385;0.435;
xun1	 ɕˈy‍ən	F	2	335;395;	1607;1620;	2724;2481;	0.845;0.770;
xun2	 ɕˈy‍ən	F	2	378;479;	1826;1447;	2682;2686;	0.769;0.884;
xun4	 ɕˈy‍ən	F	2	379;521;	2168;2319;	3060;2766;	0.769;0.664;
ya1	 jˈi‍ɑ	F	2	325;832;	2409;1449;	2996;2552;	0.256;0.451;
ya2	 jˈi‍ɑ	F	2	686;827;	1491;1317;	2461;2289;	0.534;0.514;
ya3	 jˈi‍ɑ	F	2	353;1042;	2374;1464;	3074;2789;	0.217;0.582;
ya4	 jˈi‍ɑ	F	2	348;1061;	1942;1647;	2807;2450;	0.261;0.391;
yan1	 jˈi‍ɛn	F	2	306;629;	1900;1820;	2525;2546;	0.382;0.362;
yan2	 jˈi‍ɛn	F	2	343;649;	1773;1877;	2475;2671;	0.521;0.431;
yan3	 jˈi‍ɛn	F	2	342;679;	2098;1925;	2976;2509;	0.929;0.859;
yan4	 jˈi‍ɛn	F	2	292;627;	1943;1830;	2700;2431;	0.470;0.420;
yang1	 jˈi‍ɑŋ	F	2	355;758;	2370;1464;	2937;2363;	0.310;0.450;
yang2	 jˈi‍ɑŋ	F	2	331;756;	2363;1525;	2892;2558;	0.163;0.348;
yang3	 jˈi‍ɑŋ	F	2	334;819;	2408;1350;	3324;2376;	0.141;0.486;
yang4	 jˈi‍ɑŋ	F	2	402;1007;	2445;1665;	3074;2724;	0.534;0.639;
yao1	 jˈɑ‍u	F	2	834;468;	1202;936;	2854;2668;	0.337;0.427;
yao2	 jˈɑ‍u	F	2	823;530;	1202;898;	3060;2727;	0.467;0.572;
yao3	 jˈɑ‍u	F	2	1010;563;	1493;1859;	2800;2470;	0.755;0.655;
yao4	 jˈɑ‍u	F	2	884;884;	1262;1262;	2581;2581;	0.409;0.409;
ye1	 jˈi‍ɛ	F	2	350;608;	1738;1841;	2960;2704;	0.501;0.426;
ye2	 jˈi‍ɛ	F	2	327;689;	2174;1866;	3101;2581;	0.309;0.574;
ye3	 jˈi‍ɛ	F	2	316;632;	2366;2010;	2932;2490;	0.190;0.350;
ye4	 jˈi‍ɛ	F	2	357;724;	2417;1898;	3030;2568;	0.125;0.320;
yi1	 jˈi	F	1	319;	2131;	2931;	0.323;
yi2	 jˈi	F	1	339;	1965;	3046;	0.644;
yi3	 jˈi	F	1	310;	1887;	2957;	0.453;
yi4	 jˈi	F	1	303;	1769;	3008;	0.507;
yin1	 jˈin	F	1	384;	1665;	2794;	0.500;
yin2	 jˈin	F	1	339;	1829;	2744;	0.412;
yin3	 jˈin	F	1	355;	2120;	2907;	0.269;
yin4	 jˈin	F	1	350;	1887;	2863;	0.440;
ying1	 jˈiŋ	F	1	347;	2570;	3316;	0.301;
ying2	 jˈiŋ	F	1	331;	2402;	3075;	0.167;
ying3	 jˈiŋ	F	1	268;	1661;	2681;	0.680;
ying4	 jˈiŋ	F	1	408;	1754;	3181;	0.378;
yong1	 ˈy‍uŋ	F	2	362;669;	2240;912;	2709;2897;	0.512;0.597;
yong2	 ˈy‍uŋ	F	2	359;493;	1468;1141;	2901;2747;	0.708;0.643;
yong3	 ˈy‍uŋ	F	2	300;602;	1668;864;	2748;2667;	0.733;0.337;
yong4	 ˈy‍uŋ	F	2	383;673;	2256;832;	2735;2927;	0.535;0.630;
you1	 jˈi‍o‍u	F	3	346;542;503;	2474;851;770;	2817;3088;2816;	0.240;0.400;0.450;
you2	 jˈi‍o‍u	F	3	320;530;407;	2454;896;725;	2810;2882;2560;	0.155;0.300;0.430;
you3	 jˈi‍o‍u	F	3	405;560;403;	1984;857;751;	2738;3039;3073;	0.251;0.511;0.616;
you4	 jˈi‍o‍u	F	3	334;656;656;	2605;942;942;	3067;3104;3104;	0.330;0.490;0.490;
yu1	 ʲˈy	F	1	337;	1863;	2636;	0.713;
yu2	 ʲˈy	F	1	333;	2110;	2758;	0.466;
yu3	 ʲˈy	F	1	313;	1765;	2523;	0.269;
yu4	 ʲˈy	F	1	337;	2079;	2603;	0.656;
yuan1	 ˈy‍æn	F	2	325;628;	1746;1953;	2611;2570;	0.332;0.287;
yuan2	 ˈy‍æn	F	2	309;673;	1666;2087;	2637;2773;	0.451;0.391;
yuan3	 ˈy‍æn	F	2	353;650;	1742;1891;	2722;2400;	0.676;0.606;
yuan4	 ˈy‍æn	F	2	323;662;	2231;1873;	2558;2428;	0.408;0.583;
yue1	 ˈy‍ɛ	F	2	327;697;	2146;1800;	2698;2627;	0.269;0.429;
yue4	 ˈy‍ɛ	F	2	330;737;	2057;1783;	2474;2472;	0.235;0.460;
yun1	 ʲˈy‍ən	F	2	322;483;	1712;2461;	2689;2794;	0.477;0.317;
yun2	 ʲˈy‍ən	F	2	312;423;	1677;1599;	2652;2711;	0.467;0.552;
yun3	 ʲˈy‍ən	F	2	327;479;	1733;1630;	2769;2718;	0.392;0.497;
yun4	 ʲˈy‍ən	F	2	352;388;	1579;1683;	2694;2647;	0.390;0.365;
za2	 t‍sˈɑ	F	1	823;	1257;	2498;	0.331;
zai1	 t‍sˈa‍i	F	2	871;314;	1460;1659;	2506;2918;	0.241;0.396;
zai3	 t‍sˈa‍i	F	2	937;605;	1460;1641;	2270;2698;	0.526;0.471;
zai4	 t‍sˈa‍i	F	2	870;645;	1502;1469;	2340;2626;	0.228;0.198;
zan1	 t‍sˈan	F	1	841;	1437;	2393;	0.289;
zan2	 t‍sˈan	F	1	895;	1522;	2342;	0.345;
zan4	 t‍sˈan	F	1	837;	1503;	2320;	0.343;
zang1	 t‍sˈaŋ	F	1	875;	1459;	2752;	0.361;
zang4	 t‍sˈaŋ	F	1	838;	1567;	2866;	0.276;
zao1	 t‍sˈɑ‍u	F	2	827;531;	1186;927;	2818;2561;	0.361;0.441;
zao2	 t‍sˈɑ‍u	F	2	823;489;	1213;886;	2823;2471;	0.488;0.583;
zao3	 t‍sˈɑ‍u	F	2	842;468;	1171;870;	2983;2804;	0.565;0.680;
zao4	 t‍sˈɑ‍u	F	2	859;752;	1144;1056;	2661;2532;	0.665;0.700;
ze2	 t‍sˈo-	F	1	587;	1235;	2319;	0.816;
ze4	 t‍sˈo-	F	1	670;	1446;	2881;	0.489;
zei2	 t‍sˈe‍i	F	2	433;298;	1929;1951;	2580;3074;	0.256;0.496;
zen3	 t‍sˈən	F	1	482;	1675;	2294;	0.606;
zeng1	 t‍sˈəŋ	F	1	500;	1695;	2755;	0.573;
zeng4	 t‍sˈəŋ	F	1	594;	1699;	2865;	0.274;
zha1	 t‍s.ˈɑ	F	1	824;	1253;	2551;	0.410;
zha2	 t‍s.ˈɑ	F	1	856;	1203;	2593;	0.345;
zha3	 t‍s.ˈɑ	F	1	817;	1223;	2577;	0.634;
zha4	 t‍s.ˈɑ	F	1	867;	1316;	2557;	0.464;
zhai1	 t‍s.ˈa‍i	F	2	893;382;	1509;1715;	2612;2772;	0.471;0.641;
zhai2	 t‍s.ˈa‍i	F	2	890;487;	1491;1877;	2487;3100;	0.369;0.309;
zhai3	 t‍s.ˈa‍i	F	2	873;365;	1483;2099;	2396;2953;	0.560;0.938;
zhai4	 t‍s.ˈa‍i	F	2	893;674;	1530;1717;	2466;2781;	0.284;0.249;
zhan1	 t‍s.ˈan	F	1	859;	1598;	2503;	0.417;
zhan3	 t‍s.ˈan	F	1	911;	1584;	2576;	0.325;
zhan4	 t‍s.ˈan	F	1	907;	1605;	2768;	0.366;
zhang1	 t‍s.ˈaŋ	F	1	889;	1485;	2536;	0.324;
zhang3	 t‍s.ˈaŋ	F	1	883;	1466;	2363;	0.273;
zhang4	 t‍s.ˈaŋ	F	1	888;	1324;	2583;	0.570;
zhao1	 t‍s.ˈɑ‍u	F	2	824;576;	1170;940;	2853;2619;	0.469;0.544;
zhao2	 t‍s.ˈɑ‍u	F	2	820;500;	1173;854;	2820;2636;	0.525;0.615;
zhao3	 t‍s.ˈɑ‍u	F	2	726;461;	1073;785;	2805;2604;	0.622;0.727;
zhao4	 t‍s.ˈɑ‍u	F	2	807;620;	1174;1129;	2864;2785;	0.448;0.508;
zhe1	 t‍s.ˈo-	F	1	563;	1299;	2796;	0.495;
zhe2	 t‍s.ˈo-	F	1	567;	1275;	2473;	0.694;
zhe3	 t‍s.ˈo-	F	1	506;	1370;	2798;	0.572;
zhe4	 t‍s.ˈo-	F	1	657;	1436;	2793;	0.578;
zhen1	 t‍s.ˈən	F	1	540;	1593;	2414;	0.471;
zhen3	 t‍s.ˈən	F	1	482;	1600;	2268;	0.575;
zhen4	 t‍s.ˈən	F	1	463;	1764;	2669;	0.525;
zheng1	 t‍s.ˈəŋ	F	1	542;	1948;	3000;	0.491;
zheng3	 t‍s.ˈəŋ	F	1	523;	1918;	2831;	0.364;
zheng4	 t‍s.ˈəŋ	F	1	615;	1887;	3012;	0.227;
zhi1	 t‍s.ˈi.	F	1	422;	1994;	2761;	0.668;
zhi2	 t‍s.ˈi.	F	1	424;	1935;	2988;	0.627;
zhi3	 t‍s.ˈi.	F	1	435;	2049;	3108;	0.818;
zhi4	 t‍s.ˈi.	F	1	565;	1827;	2778;	0.657;
zhong1	 t‍s.ˈo‍n‍ɡ	F	1	670;	926;	2865;	0.439;
zhong3	 t‍s.ˈo‍n‍ɡ	F	1	520;	865;	2554;	0.594;
zhong4	 t‍s.ˈo‍n‍ɡ	F	1	711;	1097;	2790;	0.552;
zhou1	 t‍s.ˈo‍u	F	2	526;465;	908;810;	3030;2866;	0.343;0.378;
zhou2	 t‍s.ˈo‍u	F	2	533;471;	877;869;	3020;3004;	0.601;0.616;
zhou3	 t‍s.ˈo‍u	F	2	500;381;	838;868;	2436;2488;	0.641;0.671;
zhou4	 t‍s.ˈo‍u	F	2	580;580;	951;951;	2810;2810;	0.607;0.607;
zhu1	 t‍s.ˈu	F	1	400;	881;	2739;	0.513;
zhu2	 t‍s.ˈu	F	1	418;	828;	2785;	0.631;
zhu3	 t‍s.ˈu	F	1	379;	734;	3031;	0.722;
zhu4	 t‍s.ˈu	F	1	413;	1075;	2902;	0.509;
zhua1	 t‍s.wˈɑ	F	1	812;	1196;	2855;	0.455;
zhua3	 t‍s.wˈɑ	F	1	817;	1157;	2794;	0.446;
zhuan1	 t‍s.ˈu‍an	F	2	448;859;	1542;1383;	2400;2723;	0.471;0.396;
zhuan3	 t‍s.ˈu‍an	F	2	305;934;	1282;1365;	2663;2774;	0.782;0.576;
zhuan4	 t‍s.ˈu‍an	F	2	633;850;	1461;1470;	2336;2758;	0.399;0.299;
zhuang1	 t‍s.wˈɑŋ	F	1	815;	1216;	2338;	0.387;
zhuang4	 t‍s.wˈɑŋ	F	1	818;	1221;	2651;	0.679;
zhui1	 t‍s.ˈu‍e‍i	F	3	306;439;307;	1722;2096;1824;	2980;2928;3011;	0.616;0.541;0.626;
zhui4	 t‍s.ˈu‍e‍i	F	3	395;417;393;	1868;1984;1881;	2827;2827;2884;	0.362;0.347;0.367;
zhun1	 t‍s.ˈu‍ən	F	2	312;483;	1603;1751;	2862;2699;	0.576;0.546;
zhun3	 t‍s.ˈu‍ən	F	2	311;503;	1317;1708;	2601;2405;	0.815;0.680;
zhuo1	 t‍s.ˈu‍o	F	2	542;549;	962;952;	3058;3089;	0.471;0.476;
zhuo2	 t‍s.ˈu‍o	F	2	443;525;	1008;938;	2893;2869;	0.454;0.494;
zi1	 t‍sˈi̪	F	1	424;	1839;	2393;	0.640;
zi3	 t‍sˈi̪	F	1	425;	1932;	2657;	0.583;
zi4	 t‍sˈi̪	F	1	437;	1902;	3271;	0.477;
zong1	 t‍sˈo‍n‍ɡ	F	1	513;	1055;	2862;	0.480;
zong3	 t‍sˈo‍n‍ɡ	F	1	567;	1042;	2815;	0.489;
zong4	 t‍sˈo‍n‍ɡ	F	1	693;	1171;	2743;	0.327;
zou3	 t‍sˈo‍u	F	2	534;444;	890;749;	3038;2695;	0.784;0.859;
zou4	 t‍sˈo‍u	F	2	535;506;	944;970;	2665;2843;	0.628;0.653;
zu1	 t‍sˈu	F	1	452;	884;	2840;	0.364;
zu2	 t‍sˈu	F	1	392;	827;	2563;	0.688;
zu4	 t‍sˈu	F	1	421;	984;	2842;	0.668;
zuan1	 t‍sˈu‍an	F	2	413;773;	1373;1424;	2341;2431;	0.790;0.740;
zuan4	 t‍sˈu‍an	F	2	667;845;	1278;1556;	2911;2187;	0.486;0.576;
zui3	 t‍sˈu‍e‍i	F	3	538;428;301;	1412;1593;2050;	2728;2712;2852;	0.481;0.446;0.796;
zui4	 t‍sˈu‍e‍i	F	3	577;426;341;	1690;2080;2053;	2840;2860;2878;	0.360;0.515;0.540;
zun1	 t‍sˈu‍ən	F	2	339;528;	1506;1636;	2825;2754;	0.542;0.527;
zun3	 t‍sˈu‍ən	F	2	445;507;	1276;1620;	2608;2243;	0.440;0.550;
zuo1	 t‍sˈu‍o	F	2	523;538;	942;925;	2988;3014;	0.680;0.690;
zuo2	 t‍sˈu‍o	F	2	455;524;	921;919;	2865;2967;	0.602;0.632;
zuo3	 t‍sˈu‍o	F	2	483;520;	813;808;	2937;2968;	0.444;0.464;
zuo4	 t‍sˈu‍o	F	2	569;569;	919;919;	3079;3079;	0.359;0.359;
